text,true_category,predicted_category,confidence
How do I locate my card?,card_arrival,card_linking,0.230399
"I still have not received my new card, I ordered over a week ago.",card_arrival,card_arrival,0.8118713
I ordered a card but it has not arrived. Help please!,card_arrival,card_arrival,0.6520804
Is there a way to know when my card will arrive?,card_arrival,card_delivery_estimate,0.4179449
My card has not arrived yet.,card_arrival,card_arrival,0.747137
When will I get my card?,card_arrival,card_delivery_estimate,0.6620379
Do you know if there is a tracking number for the new card you sent me?,card_arrival,card_arrival,0.78579557
i have not received my card,card_arrival,card_arrival,0.6884443
still waiting on that card,card_arrival,card_arrival,0.7533133
Is it normal to have to wait over a week for my new card?,card_arrival,card_arrival,0.6854679
How do I track my card?,card_arrival,card_arrival,0.74637294
How long does a card delivery take?,card_arrival,card_delivery_estimate,0.55057406
I still don't have my card after 2 weeks.  What should I do?,card_arrival,card_arrival,0.76181597
still waiting on my new card,card_arrival,card_arrival,0.8006626
I am still waiting for my card after 1 week.  Is this ok?,card_arrival,card_arrival,0.5378828
"I have been waiting longer than expected for my bank card, could you provide information on when it will arrive?",card_arrival,card_arrival,0.48212197
I've been waiting longer than expected for my card.,card_arrival,card_arrival,0.48071763
Why hasn't my card been delivered?,card_arrival,card_arrival,0.68653107
Where is my new card? I have been waiting a week!,card_arrival,card_arrival,0.79691565
My card still hasn't arrived after 2 weeks. Is it lost?,card_arrival,card_arrival,0.70080805
"I did not get my card yet, is it lost?",card_arrival,card_arrival,0.46692
Status of the card I ordered.,card_arrival,card_arrival,0.5026344
How long should my new card take to arrive?,card_arrival,card_arrival,0.5742462
I ordered my card 2 weeks ago and it still isn't here? What do I do?,card_arrival,card_arrival,0.7850473
"My card has not arrived yet, where is it?",card_arrival,card_arrival,0.7827842
What is the tracking number for my card that was mailed?,card_arrival,card_arrival,0.7715413
I think something went wrong with my card delivery as I haven't received it yet.,card_arrival,card_arrival,0.73976743
"I'm still waiting for delivery of my new card, why is it taking so long?",card_arrival,card_arrival,0.76420987
"I ordered a card a week ago, and it's still not here. What do I do?",card_arrival,card_arrival,0.7005215
i want to track the card you sent,card_arrival,card_arrival,0.79038155
My card hasn't arrived yet.,card_arrival,card_arrival,0.7737213
I was expecting my new card and am wondering why I haven't received it yet?,card_arrival,card_arrival,0.8070249
How do I know when my card will arrive?,card_arrival,card_delivery_estimate,0.466004
I'm still waiting on my card to be delivered.,card_arrival,card_arrival,0.6643402
Does the card you sent have a way to track to it?,card_arrival,card_arrival,0.79141814
I ordered a card and I still haven't received it. It's been two weeks. What can I do?,card_arrival,card_arrival,0.75398374
"I'm starting to think my card is lost because it still hasn't arrived, can you help?",card_arrival,card_arrival,0.39736712
Is there tracking info available?,card_arrival,card_arrival,0.24157083
What is the tracking number for the card you sent?,card_arrival,card_arrival,0.76581866
Where is the tracking number for the card you sent me?,card_arrival,card_arrival,0.7862434
Why won't my card show up on the app?,card_linking,card_linking,0.6542918
I would like to reactivate my card.,card_linking,card_linking,0.7546237
Where do I link the new card?,card_linking,card_linking,0.83713675
"I have received my card, can you help me put it in the app?",card_linking,card_linking,0.8142792
How do I link a card that I already have?,card_linking,card_linking,0.82796603
"I received my new card, but I don't see it in the app anywhere.  What do I do?",card_linking,card_linking,0.6911357
How do I re-add a card to the app?,card_linking,card_linking,0.823324
How do I add the card to my account?,card_linking,card_linking,0.5533688
Can I put my old card back into the system? I just found it/,card_linking,card_linking,0.66647923
"I have one of your cards already, how do I link it?",card_linking,card_linking,0.7931663
How do I link a new card?,card_linking,card_linking,0.83327174
Can I link an existing card?,card_linking,card_linking,0.80135185
How do I link one your card if I have one already?,card_linking,card_linking,0.8203334
How do I add a card to the app?,card_linking,card_linking,0.7898679
Can I link my new card?,card_linking,card_linking,0.83599544
"Hello, I found the card I misplaced and I need to reactive it, how do I do that?",card_linking,card_linking,0.5419098
Can you tell me how to link one of your cards that I already have?,card_linking,card_linking,0.78104
How do I view the card I received in the app?,card_linking,card_linking,0.8060282
Where on the website do I go to link my card?,card_linking,card_linking,0.71126664
"I found my card, can I add it to the app?",card_linking,card_linking,0.81531674
How do I link to my credit card with you?,card_linking,card_linking,0.39009422
I've received my card so now I need to know how to sync it to the app.,card_linking,card_linking,0.6483221
"I found my card, I would like to reactivate it.",card_linking,card_linking,0.7979407
How do I link this new card?,card_linking,card_linking,0.8396991
Can I reactivate my lost card that I found this morning in my jacket pocket?,card_linking,card_linking,0.73500395
how do I link an already existing card?,card_linking,card_linking,0.82517844
The app doesn't show the card I received.,card_linking,card_linking,0.46155033
how do I link a card I already have?,card_linking,card_linking,0.82973206
I would like to link my card. How do I do it?,card_linking,card_linking,0.8151349
Can you please show me where I can find the location to link my card?,card_linking,card_linking,0.76461905
Where do I go if I want to link my new card?,card_linking,card_linking,0.83805543
Is there a way to make my old card usable with the app?,card_linking,card_linking,0.7456483
Can I reactivate a card I thought I lost?,card_linking,card_linking,0.79414105
How do I link my card,card_linking,card_linking,0.8105277
Where do I need to go in the app to enter my card info?,card_linking,card_linking,0.7290356
I have found my lost or stolen card. Is there a way I can link the card with my account through my app again?,card_linking,card_linking,0.39535916
"Could you help me reactivate my card? It was previously lost, but I found it this morning in my jacket.",card_linking,card_linking,0.73851025
"I already have one of your cards, how do I link them?",card_linking,card_linking,0.76516396
How do I link my replacement card?,card_linking,card_linking,0.7903002
Can I link another card to my account?,card_linking,card_linking,0.4779917
I need to know your exchange rates.,exchange_rate,exchange_rate,0.75461066
What exchange rates do you offer?,exchange_rate,exchange_rate,0.7457618
How did you come up with your exchange rates?,exchange_rate,exchange_rate,0.7473529
Where do you guys acquire your exchange rate?,exchange_rate,exchange_rate,0.74297756
How do I find the exchange rate?,exchange_rate,exchange_rate,0.75952905
What are your international exchange rates?,exchange_rate,exchange_rate,0.757715
How often do your exchange rates change,exchange_rate,exchange_rate,0.6869592
Please advise what is the exchange rate,exchange_rate,exchange_rate,0.72914577
How are exchange rates calculated?,exchange_rate,exchange_rate,0.7604605
what are exchange rates based on,exchange_rate,exchange_rate,0.7554354
what are exchange rates,exchange_rate,exchange_rate,0.7606078
What are the most current exchange rates?,exchange_rate,exchange_rate,0.7528447
Can you explain your exchange rate policy to me?,exchange_rate,exchange_rate,0.73341674
Is it a good time to exchange?,exchange_rate,exchange_charge,0.14480552
What is the exchange rate like on this app?,exchange_rate,exchange_rate,0.6785469
Do you have a list of exchange rates?,exchange_rate,exchange_rate,0.74325395
Can you tell me where you get your exchange rates?,exchange_rate,exchange_rate,0.73902553
Will I get a curreng foreign exchange rate?,exchange_rate,exchange_rate,0.6253536
What currencies is an exchange rate calculated in?,exchange_rate,exchange_rate,0.5654959
Where do you get your exchange rates from?,exchange_rate,exchange_rate,0.7473855
What is the base of the exchange rates?,exchange_rate,exchange_rate,0.7502618
What exchange rate do you use?,exchange_rate,exchange_rate,0.7438375
The exchange rates are?,exchange_rate,exchange_rate,0.754904
What do you base your exchange rates on?,exchange_rate,exchange_rate,0.753607
What foreign exchange rate will you use?,exchange_rate,exchange_rate,0.73977506
How much will I get with the exchange rate?,exchange_rate,exchange_rate,0.6121011
The exchange rate would be?,exchange_rate,exchange_rate,0.6667328
What is the exchange rate like?,exchange_rate,exchange_rate,0.7442302
How do your exchange rates work?,exchange_rate,exchange_rate,0.74230605
what is the exchange rate?,exchange_rate,exchange_rate,0.7573149
Where did your guys exchange rates come from?,exchange_rate,exchange_rate,0.73920155
How are you determining your exchange rates?,exchange_rate,exchange_rate,0.75933725
I'm trying to figure out the current exchange rate.,exchange_rate,exchange_rate,0.6318885
From where are you getting your exchange rates?,exchange_rate,exchange_rate,0.7456072
Can you tell me the foreign exchange rate?,exchange_rate,exchange_rate,0.74731654
why do your exchange rates change,exchange_rate,exchange_rate,0.6571925
What kind of foreign exchange rate will I get when I exchange my money?,exchange_rate,exchange_rate,0.5992793
What is my foreign exchange rate?,exchange_rate,exchange_rate,0.73912257
when does the rate get determined,exchange_rate,exchange_rate,0.43745303
What is the current exchange rate for me?,exchange_rate,exchange_rate,0.7206417
I purchased something in a foreign currency but the rate applied is wrong,card_payment_wrong_exchange_rate,card_payment_wrong_exchange_rate,0.7266453
I made a currency exchange and think I was charged more than I should of been.,card_payment_wrong_exchange_rate,exchange_charge,0.42696404
the card payment exchange rate is wrong,card_payment_wrong_exchange_rate,card_payment_wrong_exchange_rate,0.7881516
The exchange rate was wrong when I bought something outside the country.,card_payment_wrong_exchange_rate,card_payment_wrong_exchange_rate,0.6673209
The exchange rate on my purchase is wrong.,card_payment_wrong_exchange_rate,card_payment_wrong_exchange_rate,0.79226154
This rate is too low. Are you sure your using the right exchange rate.,card_payment_wrong_exchange_rate,card_payment_wrong_exchange_rate,0.5064528
"I bought something, but the exchange rate looks wrong.",card_payment_wrong_exchange_rate,card_payment_wrong_exchange_rate,0.76765496
The rate applied to my foreign purchase was incorrect,card_payment_wrong_exchange_rate,card_payment_wrong_exchange_rate,0.7130115
I bought something in a foreign currency but the rate applied is wrong!,card_payment_wrong_exchange_rate,card_payment_wrong_exchange_rate,0.72740793
My exchange went wrong. I swapped Russian Ruble for UK pounds and was charged too much.,card_payment_wrong_exchange_rate,card_payment_wrong_exchange_rate,0.67770135
You did not apply the correct exchange rate for an item that I bought.,card_payment_wrong_exchange_rate,card_payment_wrong_exchange_rate,0.80621225
The rate of exchange for my card payment is incorrect,card_payment_wrong_exchange_rate,card_payment_wrong_exchange_rate,0.7914616
The rate for a currency exchange was wrong when I bought something.,card_payment_wrong_exchange_rate,card_payment_wrong_exchange_rate,0.68802935
Why is the exchange rate wrong when I purchase something abroad?,card_payment_wrong_exchange_rate,card_payment_wrong_exchange_rate,0.66246545
I bought an item and noticed the exchange rate was not correct.,card_payment_wrong_exchange_rate,card_payment_wrong_exchange_rate,0.79399586
I bought something overseas and the wrong exchange rate is on my statement.,card_payment_wrong_exchange_rate,card_payment_wrong_exchange_rate,0.7754764
The exchange rate for my transaction last Saturday seems to have been wrong I got charged extra.  Please fix.,card_payment_wrong_exchange_rate,card_payment_wrong_exchange_rate,0.63982314
Why is your exchange rate for my card payment wrong,card_payment_wrong_exchange_rate,card_payment_wrong_exchange_rate,0.81691235
Why am I being charged more ?,card_payment_wrong_exchange_rate,card_payment_fee_charged,0.63582045
I purchased an item and the exchange rate I was given was incorrect.,card_payment_wrong_exchange_rate,card_payment_wrong_exchange_rate,0.8064311
I don't think my card payment exchange rate is correct.,card_payment_wrong_exchange_rate,card_payment_wrong_exchange_rate,0.7086966
"When I made a purchase last Saturday, I was charged extra. Did I receive the right exchange rate?",card_payment_wrong_exchange_rate,card_payment_wrong_exchange_rate,0.6698163
They charged me wrong for a currency exchange on a purchase.,card_payment_wrong_exchange_rate,card_payment_wrong_exchange_rate,0.49106616
I believe my card payment exchange rate is incorrect.,card_payment_wrong_exchange_rate,card_payment_wrong_exchange_rate,0.7908646
"Hi, I have been overcharged for my payment last Saturday. I guess exchange rate was wrong.",card_payment_wrong_exchange_rate,card_payment_wrong_exchange_rate,0.7764351
The exchange rate seems off on this transaction,card_payment_wrong_exchange_rate,card_payment_wrong_exchange_rate,0.63407785
"The exchange rate given to me wasn't correct, after i purchased an item",card_payment_wrong_exchange_rate,card_payment_wrong_exchange_rate,0.8029693
"Hi, I don't think your exchange rate is right. I need you to check the official interbank exchange please.",card_payment_wrong_exchange_rate,card_payment_wrong_exchange_rate,0.45978186
I'm pretty sure something went wrong with my exchange. I changed Russian Ruble to UK pounds and was charged way too much!,card_payment_wrong_exchange_rate,card_payment_wrong_exchange_rate,0.7032033
I wasn't applied the correct exchange rate for an item I bought,card_payment_wrong_exchange_rate,card_payment_wrong_exchange_rate,0.8055231
the conversion value for my card payments is incorrect.,card_payment_wrong_exchange_rate,cancel_transfer,0.2407506
The wrong exchange rate was used when I bought something with a foriegn currency.,card_payment_wrong_exchange_rate,card_payment_wrong_exchange_rate,0.74398166
I paid for something in foreign currency but noticed the exchange rate is incorrect.,card_payment_wrong_exchange_rate,card_payment_wrong_exchange_rate,0.7496605
The incorrect rate was used in my foreign purchase,card_payment_wrong_exchange_rate,card_payment_wrong_exchange_rate,0.730219
Why was the exchange rate incorrect for an item I recently bought?,card_payment_wrong_exchange_rate,card_payment_wrong_exchange_rate,0.8093266
Why is my exchange rate wrong for an item I bought?,card_payment_wrong_exchange_rate,card_payment_wrong_exchange_rate,0.81953853
How can I check the exchange rate applied to my transaction?,card_payment_wrong_exchange_rate,exchange_rate,0.5488597
Your exchange rate is totally wrong for my card payment,card_payment_wrong_exchange_rate,card_payment_wrong_exchange_rate,0.80712545
The wrong rate was applied to an item I bought in a currency different from mine. Can this be changed?,card_payment_wrong_exchange_rate,card_payment_wrong_exchange_rate,0.7305234
I go the wrong exchange rate applied to my purchase in a foreign country.,card_payment_wrong_exchange_rate,card_payment_wrong_exchange_rate,0.77658725
My statement has a dollar I have been charged showing up on it.,extra_charge_on_statement,extra_charge_on_statement,0.8405697
Why is there a fee for an extra pound in my statement?,extra_charge_on_statement,extra_charge_on_statement,0.89092004
I'm not okay with this fee on my statement.,extra_charge_on_statement,extra_charge_on_statement,0.8707434
Why is there an extra dollar charged to my account?,extra_charge_on_statement,extra_charge_on_statement,0.8799453
There is a fee I don't recognize on my statement.,extra_charge_on_statement,extra_charge_on_statement,0.83684283
I would like a refund on the extra pound I was charged.,extra_charge_on_statement,extra_charge_on_statement,0.825332
Can you explain what this random $1 charge is?,extra_charge_on_statement,extra_charge_on_statement,0.89535004
What is this $1 charge on my statement?,extra_charge_on_statement,extra_charge_on_statement,0.8966436
Why does my statement have these extra charges?,extra_charge_on_statement,extra_charge_on_statement,0.72730625
"I do not remember purchasing anything for 1£, and it is on my statement. Can you please tell me what that is about?",extra_charge_on_statement,extra_charge_on_statement,0.8046699
I can see an extra 1£ charge on my app. Why did you charge me extra?,extra_charge_on_statement,extra_charge_on_statement,0.902836
Can you tell me why I noticed a $1 charge on my statement?,extra_charge_on_statement,extra_charge_on_statement,0.898295
When will the $1 transaction be credited to me?,extra_charge_on_statement,extra_charge_on_statement,0.67807794
Where did this fee come from?,extra_charge_on_statement,card_payment_fee_charged,0.79330164
"I noticed an extra $1 charge on my statement, can you tell me why that is?",extra_charge_on_statement,extra_charge_on_statement,0.90382755
There is an extra $1 charge,extra_charge_on_statement,extra_charge_on_statement,0.89718354
I need information about an extra €1 fee in my statement.,extra_charge_on_statement,extra_charge_on_statement,0.90008515
Why is there an extra 1 pound charge on my card?,extra_charge_on_statement,extra_charge_on_statement,0.892938
Why are there so many fees on my statement?,extra_charge_on_statement,extra_charge_on_statement,0.63895106
What would be the reason there's an extra fee on my statement?,extra_charge_on_statement,extra_charge_on_statement,0.89936715
Where did this 1 euro fee come from?,extra_charge_on_statement,extra_charge_on_statement,0.8403896
I got a extra €1 fee in my statement,extra_charge_on_statement,extra_charge_on_statement,0.89839244
I have a 1 euro fee on my statement.,extra_charge_on_statement,extra_charge_on_statement,0.88228065
Why was I overcharged a pound!?,extra_charge_on_statement,extra_charge_on_statement,0.81827664
"Something went wrong, I was charged an extra pound?",extra_charge_on_statement,extra_charge_on_statement,0.8915745
Where did the extra fee on my statement come from?,extra_charge_on_statement,extra_charge_on_statement,0.893977
There is an extra charge on my app that I was not told about or I was aware of!,extra_charge_on_statement,card_payment_fee_charged,0.34391612
I am seeing an extra fee on my statement what is that for?,extra_charge_on_statement,extra_charge_on_statement,0.89515764
What is this €1 fee in my statement?,extra_charge_on_statement,extra_charge_on_statement,0.8902521
"I am a new customer, and I happened to look at my app and there is a charge I am not familiar with.  Could you tell me why the extra charge is there?",extra_charge_on_statement,card_payment_fee_charged,0.5080842
For some reason my account's been charged an extra dollar.,extra_charge_on_statement,extra_charge_on_statement,0.8687073
There is a transaction for $1 and I don't know why it was charged.,extra_charge_on_statement,extra_charge_on_statement,0.8791789
"Can you help me with a weird charge?  It's a pound charge that never goes away from the statement view on the app I'm using.  It's not described as anything but ""Pending"", and that status has never changed during the last two days.",extra_charge_on_statement,extra_charge_on_statement,0.835574
What is the purpose of the extra fee that is showing up on my statement?,extra_charge_on_statement,extra_charge_on_statement,0.8790772
"$1 extra has been charged on my statement, why is that?",extra_charge_on_statement,extra_charge_on_statement,0.89928144
What is the extra  €1 fee in my statement,extra_charge_on_statement,extra_charge_on_statement,0.8925345
"It's been two weeks, why has the transaction for $1.00 not been reversed?",extra_charge_on_statement,extra_charge_on_statement,0.44327992
What is the €1 fee for?,extra_charge_on_statement,extra_charge_on_statement,0.8505965
I'm quite confused as to what is going on. There is some odd extra pound charge on my statement in the app that's just listed as pending and doesn't go away since a couple days.,extra_charge_on_statement,extra_charge_on_statement,0.85877997
Can you please check why I am having this extra fee on my statement.,extra_charge_on_statement,extra_charge_on_statement,0.8966334
My withdrawl is still pending.  Why?,pending_cash_withdrawal,pending_cash_withdrawal,0.67675906
My card was denied at an ATM earlier today but the transaction is pending. Please cancel it as I did not receive my money.,pending_cash_withdrawal,pending_cash_withdrawal,0.7538699
My transaction is still showing that is pending from my cash withdrawal.,pending_cash_withdrawal,pending_cash_withdrawal,0.83782953
"Hey I tried to get some money out earlier but the machine didn't work. Now just saw the transaction still seems in progress! Can you please check what's going there, seems something is broken, I don't want to be charged for money that I haven't actually received!",pending_cash_withdrawal,pending_cash_withdrawal,0.60017806
How long does the cash withdrawal take to pend?,pending_cash_withdrawal,pending_cash_withdrawal,0.63148135
Why is it taking so long for my cash withdrawal to no longer show as pending?,pending_cash_withdrawal,pending_cash_withdrawal,0.8334883
"I tried taking money from the ATM but no money came out, but the transaction is still pending? How is this possible?",pending_cash_withdrawal,pending_cash_withdrawal,0.812565
"I got some cash of an ATM earlier but this shows up as pending in the app. How can this be still pending, I've got the cash already?",pending_cash_withdrawal,pending_cash_withdrawal,0.82133305
Why is my withdrawal still pending?,pending_cash_withdrawal,pending_cash_withdrawal,0.84116685
Are you sure when the withdrawal will show?,pending_cash_withdrawal,pending_cash_withdrawal,0.77098244
"Hi! I was wondering if you can help me. I used the city centre ATM to get some cash, but the machine declined my card. My account shows that transaction is still pending. I didn't receive the money, so please cancel that transaction.",pending_cash_withdrawal,pending_cash_withdrawal,0.7444258
Why is a transaction showing as pending when I recieved cash from an ATM?,pending_cash_withdrawal,pending_cash_withdrawal,0.818792
My cash in the ATM is still pending,pending_cash_withdrawal,pending_cash_withdrawal,0.8163771
my atm cash out is still pending,pending_cash_withdrawal,pending_cash_withdrawal,0.8215577
I am still waiting for a cash withdrawal to show,pending_cash_withdrawal,pending_cash_withdrawal,0.7300038
Is my pending cash withdrawal processed?,pending_cash_withdrawal,pending_cash_withdrawal,0.83686906
how long til my cash out goes through?,pending_cash_withdrawal,pending_cash_withdrawal,0.6885841
Why is my ATM cash withdrawal showing up as a pending transaction?,pending_cash_withdrawal,pending_cash_withdrawal,0.8403902
"Hi,I tried to get some money out but the machine was not working .The transaction still seems in progress! Can you please check what's going on.I don't want to be charged for money that I did not received.",pending_cash_withdrawal,pending_cash_withdrawal,0.57532287
"Hey, my card was declined at an ATM in the city centre theatre. My account says the transaction is pending, though. I didn't get the money, though, so what does that mean?",pending_cash_withdrawal,pending_cash_withdrawal,0.77438754
Why do I have a pending cash withdrawal?,pending_cash_withdrawal,pending_cash_withdrawal,0.84420264
I have a pending cash withdrawal,pending_cash_withdrawal,pending_cash_withdrawal,0.8429058
I made a withdrawal from my account but it has not posted?,pending_cash_withdrawal,cash_withdrawal_not_recognised,0.59265524
Is my cash withdrawal pending?,pending_cash_withdrawal,pending_cash_withdrawal,0.8360365
I'm not quite understanding why my cash withdrawal is showing as pending.,pending_cash_withdrawal,pending_cash_withdrawal,0.8343086
I made a cash withdrawal but the pending status is taking forever.,pending_cash_withdrawal,pending_cash_withdrawal,0.83836234
My cash withdrawal is still showing as pending.,pending_cash_withdrawal,pending_cash_withdrawal,0.82918495
Why am I unable to take money from my card but the statement says the transaction is still pending?,pending_cash_withdrawal,pending_card_payment,0.402367
Why does my account have a pending cash withdrawal?,pending_cash_withdrawal,pending_cash_withdrawal,0.8412386
I have a pending transaction in my app. How is it still pending if I pulled the cash out from the ATM earlier?,pending_cash_withdrawal,pending_cash_withdrawal,0.80724335
Cash withdrawal still pending?,pending_cash_withdrawal,pending_cash_withdrawal,0.84019804
"I received cash from the ATM earlier, but this shows up as pending in the app.  I've got the cash already.  How can this be still pending?",pending_cash_withdrawal,pending_cash_withdrawal,0.8225353
"I tried to take money from my card, but it didn't work. Later I saw that the transaction is still in progress. What's goign on?",pending_cash_withdrawal,transfer_not_received_by_recipient,0.33826178
Why does it say pending cash withdrawal on my statement?,pending_cash_withdrawal,pending_cash_withdrawal,0.80863976
How long with my cash withdrawal stay pending for?,pending_cash_withdrawal,pending_cash_withdrawal,0.8349974
Where's accounting for my cash withdrawal?,pending_cash_withdrawal,pending_cash_withdrawal,0.29152066
My account was charged for a withdraw I tried to make that was decline.,pending_cash_withdrawal,declined_cash_withdrawal,0.500017
how long does it take to post atm with drawl,pending_cash_withdrawal,pending_cash_withdrawal,0.51465386
Why is my cash withdrawal from the ATM still not yet showing as confirmed in my account?,pending_cash_withdrawal,pending_cash_withdrawal,0.62215906
"What's a pending transaction? My card was declined at an ATM, but my account says it's still pending. Can I cancel the payment?",pending_cash_withdrawal,pending_cash_withdrawal,0.5949956
"If I request that my funds be held, what currencies do you use?",fiat_currency_support,fiat_currency_support,0.42721575
I want to know how many different currencies my money can be in,fiat_currency_support,fiat_currency_support,0.6455946
Do you support all fiat currencies?,fiat_currency_support,fiat_currency_support,0.7773085
Does your system support multiple currency.,fiat_currency_support,fiat_currency_support,0.44995624
What currencies can I hold money in?,fiat_currency_support,fiat_currency_support,0.5381231
Do you support any currency?,fiat_currency_support,exchange_via_app,0.35627118
"There is an incoming payment into my account, but it is deactivated. Will they still be processed?",fiat_currency_support,reverted_card_payment?,0.44506252
What currencies do you do exchanges for?,fiat_currency_support,exchange_via_app,0.39997318
"In terms of holding and exchange, what fiat currencies do you use.",fiat_currency_support,fiat_currency_support,0.7723051
What fiat currencies are used for holding transactions?,fiat_currency_support,fiat_currency_support,0.75560766
Where can I exchange my money for EUR?,fiat_currency_support,fiat_currency_support,0.62761706
Is it permissible to hold money in multiple currencies?,fiat_currency_support,fiat_currency_support,0.72134227
Can I exchange to EUR?,fiat_currency_support,fiat_currency_support,0.64823604
Can someone assist me with the details explaining which fiat currencies that you support?,fiat_currency_support,fiat_currency_support,0.7490403
Do you offer additional currency options?,fiat_currency_support,fiat_currency_support,0.35995802
How do I change currencies to euros?,fiat_currency_support,exchange_via_app,0.4250175
What fiat currencies are supported for holding and exchange?,fiat_currency_support,fiat_currency_support,0.7844153
"When considering currency holdings and exchanges, what fiat currencies are supported?",fiat_currency_support,fiat_currency_support,0.75694776
Will you handle EUR?,fiat_currency_support,fiat_currency_support,0.5849125
Can I hold money in other currencies?,fiat_currency_support,fiat_currency_support,0.6146136
What options do I have for holding currencies?,fiat_currency_support,fiat_currency_support,0.5754245
Do you happen to do exchanges of EUR?,fiat_currency_support,fiat_currency_support,0.6960318
Do you accept exchanges to EUR?,fiat_currency_support,fiat_currency_support,0.71787345
Can you tell me what currency I can have?,fiat_currency_support,fiat_currency_support,0.4171808
Am I able to exchange currencies?,fiat_currency_support,exchange_via_app,0.7366449
What currencies are used in your exchange?,fiat_currency_support,exchange_via_app,0.40255925
Which fiat currencies do you support?,fiat_currency_support,fiat_currency_support,0.7662982
Which country's currency do you support?,fiat_currency_support,fiat_currency_support,0.42250845
I want to make a currency exchange to EU.,fiat_currency_support,exchange_via_app,0.42373452
Can I exchange and hold all fiat currencies?,fiat_currency_support,fiat_currency_support,0.74181277
What kind of currency can I hold money in?,fiat_currency_support,fiat_currency_support,0.6188407
Can I exchange currencies?,fiat_currency_support,exchange_via_app,0.6906454
Do you work with all fiat currencies?,fiat_currency_support,fiat_currency_support,0.76782507
Can I hold money in multiple currencies?,fiat_currency_support,fiat_currency_support,0.71925586
How man currencies can I hold?,fiat_currency_support,fiat_currency_support,0.5649228
Besides USD what other currencies can I have?,fiat_currency_support,fiat_currency_support,0.5723342
How do I accept exchanges to EU?,fiat_currency_support,exchange_via_app,0.24811178
What kind of fiat currency can I used for holding and exchange?,fiat_currency_support,fiat_currency_support,0.74588525
Do you support the exchange of EUR from my currency.,fiat_currency_support,fiat_currency_support,0.62408257
What countries can I travel to and have access to their currencies?,fiat_currency_support,country_support,0.5801643
I need my card now!,card_delivery_estimate,card_delivery_estimate,0.31787542
my card was not in the mail again can you advise?,card_delivery_estimate,card_arrival,0.38357264
i need my card quick,card_delivery_estimate,card_delivery_estimate,0.5421876
How long will it take to get to me?,card_delivery_estimate,card_delivery_estimate,0.63094
I'm just wondering when my card will get here.,card_delivery_estimate,card_arrival,0.5569978
Can you get me my card fast?,card_delivery_estimate,card_delivery_estimate,0.6190597
How long will it take to deliver something to US?,card_delivery_estimate,card_delivery_estimate,0.65701616
"I live in the US, how long will it take for delivery?",card_delivery_estimate,card_delivery_estimate,0.551208
When can I expect my card to be delivered to the US?,card_delivery_estimate,card_delivery_estimate,0.65608454
I need my card quickly,card_delivery_estimate,card_delivery_estimate,0.5677275
Does delivery to the US take long?,card_delivery_estimate,card_delivery_estimate,0.6353729
How long will it take to arrive?,card_delivery_estimate,card_delivery_estimate,0.63025475
Can I have my card delivered on a specific day?,card_delivery_estimate,card_delivery_estimate,0.5657686
What is the difference between standard and express delivery?,card_delivery_estimate,supported_cards_and_currencies,0.24771751
Can it be delivered by a specific date?,card_delivery_estimate,card_delivery_estimate,0.6588923
May I choose when it's delivered?,card_delivery_estimate,card_delivery_estimate,0.68433857
I need it delivered on a certain date.,card_delivery_estimate,card_delivery_estimate,0.62509876
When should I expect my card?,card_delivery_estimate,card_delivery_estimate,0.67546517
How long does it take to get my card? Can I choose when to receive it?,card_delivery_estimate,card_delivery_estimate,0.6413962
How long will it take for the card to arrive?,card_delivery_estimate,card_delivery_estimate,0.6229925
How fast can you deliver?,card_delivery_estimate,card_delivery_estimate,0.6340549
"Ordered awhile back, what is the ETA in the US?",card_delivery_estimate,country_support,0.25648123
How long should I expect for the card to arrive?,card_delivery_estimate,card_delivery_estimate,0.6319216
Whats the delivery time to the United States?,card_delivery_estimate,card_delivery_estimate,0.6260591
When will the card arrive?,card_delivery_estimate,card_delivery_estimate,0.63792855
Send my card as soon as you are able to.,card_delivery_estimate,card_delivery_estimate,0.60450035
When are cards delivered?,card_delivery_estimate,card_delivery_estimate,0.6219011
How long does shipping take to get to a US destination?,card_delivery_estimate,card_delivery_estimate,0.602209
Can I get my card expedited?,card_delivery_estimate,card_delivery_estimate,0.53141236
How long until my card is delivered?,card_delivery_estimate,card_delivery_estimate,0.4965069
I need my card to come as soon as possible.,card_delivery_estimate,card_delivery_estimate,0.6339573
When can I expect to receive my new card?,card_delivery_estimate,card_delivery_estimate,0.41126662
I am waiting for my card to arrive.,card_delivery_estimate,card_arrival,0.5580347
I need my card as soon as possible.,card_delivery_estimate,card_delivery_estimate,0.6562209
I need it delivered by Saturday.,card_delivery_estimate,card_delivery_estimate,0.5738144
What's the U.S. Delivery time?,card_delivery_estimate,card_delivery_estimate,0.6392876
When will my card arrive?,card_delivery_estimate,card_delivery_estimate,0.63775045
can I choose a date for delivery?,card_delivery_estimate,card_delivery_estimate,0.6370266
Can I make sure my card is delivered on a specific day?,card_delivery_estimate,card_delivery_estimate,0.51539844
Can I have it be delivered at a certain time?,card_delivery_estimate,card_delivery_estimate,0.65813416
"When traveling, can I auto top-up my card at certain times?",automatic_top_up,automatic_top_up,0.8581826
Is there a limit when using auto top-up?,automatic_top_up,automatic_top_up,0.87788874
Will it automatically top-up or do I need to do that manually if there isn't much cash left?,automatic_top_up,automatic_top_up,0.519077
"I'm running out of money, can I  auto top up?",automatic_top_up,automatic_top_up,0.8764216
How do I use auto top up?,automatic_top_up,automatic_top_up,0.88401204
Can it automatically top-up money if there isn't much left?,automatic_top_up,automatic_top_up,0.84779304
If there isn't much money left can it automatically top-up?,automatic_top_up,automatic_top_up,0.85687464
"I read about the auto-top up function, but can't find it in the app.",automatic_top_up,automatic_top_up,0.8662853
Can I have it add money at certain time intervals when I travel?,automatic_top_up,automatic_top_up,0.5560632
"I'm going to be away for awhile, can I have it add money automatically in certain intervals?",automatic_top_up,automatic_top_up,0.82411057
"Where can I find the ""auto-top"" feature?",automatic_top_up,automatic_top_up,0.87194926
"I just activated auto top-up, but it is not letting me enable it. Why not?",automatic_top_up,automatic_top_up,0.8254779
Is there an auto top-up option?,automatic_top_up,automatic_top_up,0.88702124
where is theft-top option?,automatic_top_up,automatic_top_up,0.20614183
Are there limits on auto top-up?,automatic_top_up,automatic_top_up,0.8705617
can you assist me with the auto top up ?,automatic_top_up,automatic_top_up,0.88213193
Do you have any limit on the auto top-up?,automatic_top_up,automatic_top_up,0.8798677
Why are there limits on auto top-up?,automatic_top_up,automatic_top_up,0.87012446
How can I top up automatically?,automatic_top_up,automatic_top_up,0.86075735
How do I make sure I don't run out of money on my card while traveling?,automatic_top_up,cash_withdrawal_not_recognised,0.10361392
What's the limit on automatic top-up?,automatic_top_up,automatic_top_up,0.43447056
"If I will be traveling, is there a way to auto top-up my card on certain days?",automatic_top_up,automatic_top_up,0.849854
Where is the auto top-up option?,automatic_top_up,automatic_top_up,0.88695085
Can I have a auto top-up when my account is short?,automatic_top_up,automatic_top_up,0.874639
Do you have an auto top-up option?,automatic_top_up,automatic_top_up,0.88688475
Can I space out how often money is transferred along my travels?,automatic_top_up,top_up_by_bank_transfer_charge,0.19201739
Will it automatically top-up money if there isn't a lot left?,automatic_top_up,automatic_top_up,0.8151681
Can I have it add money automatically in certain intervals?,automatic_top_up,automatic_top_up,0.8633443
Can I set up an automatic top-up for travel.,automatic_top_up,automatic_top_up,0.8453914
I've tried looking for the auto-top up option on your website and I can't seem to find it. Can you help me?,automatic_top_up,automatic_top_up,0.85704035
how do I top up my money automatically,automatic_top_up,automatic_top_up,0.6961109
Can I be topped up once I hit a certain balance?,automatic_top_up,pending_top_up,0.4623659
Will it automatically top-up if there isn't much money left?,automatic_top_up,automatic_top_up,0.8372711
Is there any way to Auto top-up?,automatic_top_up,automatic_top_up,0.88351625
Can you explain where I can find the auto-top option?,automatic_top_up,automatic_top_up,0.8772775
What is the auto top up function and where can I find that at?,automatic_top_up,automatic_top_up,0.88401395
Is there a way to top-up automatically?,automatic_top_up,automatic_top_up,0.8522165
"Is there a top-up feature, if there isn't a lot of money left?",automatic_top_up,top_up_reverted,0.34561402
What is the highest limit for Auto Top?,automatic_top_up,automatic_top_up,0.8655934
How do I enable auto-top up?,automatic_top_up,automatic_top_up,0.87196815
I've tried my card a bunch of times and it never worked.,card_not_working,card_not_working,0.6253603
I can't get my card to work.,card_not_working,card_not_working,0.6590658
My card appears to be broken how can I fix it?,card_not_working,card_not_working,0.45790988
How do I know why my card isn't working?,card_not_working,card_not_working,0.671431
My card broke.,card_not_working,card_not_working,0.5198501
My card won't work.,card_not_working,card_not_working,0.5857393
Why is my card not working?,card_not_working,card_not_working,0.64960384
Can you please identify the problem with my bank card?,card_not_working,compromised_card,0.20661433
How do I unblock my card using the app?,card_not_working,pin_blocked,0.6046195
My card does not work,card_not_working,card_not_working,0.5064537
How can I get my physical card to work?,card_not_working,card_not_working,0.5425668
Can someone assist me by explaining why my card is not working?,card_not_working,card_not_working,0.67865837
Help me.  My card doesn't work.,card_not_working,card_not_working,0.61046654
Can a card stop working?,card_not_working,card_not_working,0.34703776
I think my card is broken,card_not_working,card_not_working,0.5660809
Why isn't my card working?,card_not_working,card_not_working,0.68038154
My card isn't working anymore.,card_not_working,card_not_working,0.6915422
My card was declined today when eating and I need to know what's wrong.,card_not_working,declined_card_payment,0.33366117
My card doesn't work.,card_not_working,card_not_working,0.5529827
How can I resolve a problem where my card won't go through at all?,card_not_working,card_not_working,0.50169736
My actual card isn't working.,card_not_working,card_not_working,0.68532735
Is my card broken?,card_not_working,card_not_working,0.55420244
I broke my card,card_not_working,card_not_working,0.42001987
My card stopped working,card_not_working,card_not_working,0.6044704
"My card is broke, what do I do?",card_not_working,card_not_working,0.5982499
"I tried using my card today and it's not working, can you help me?",card_not_working,card_not_working,0.6455946
My card stopped working when I use it,card_not_working,card_not_working,0.54877156
I can't use my card.,card_not_working,card_not_working,0.59291446
Need help with my card. It's not working.,card_not_working,card_not_working,0.69818664
I cannot use my card.,card_not_working,card_not_working,0.44662404
The card I've got seems to be broken.,card_not_working,card_not_working,0.53512776
My card isn't working,card_not_working,card_not_working,0.62298006
My card suddenly quit working.,card_not_working,card_not_working,0.53533775
I have tried to use my card several times and it does not work.,card_not_working,card_not_working,0.5196922
The card I have doesn't work.,card_not_working,card_not_working,0.5712229
My card doesn't accept any transaction at all. What's wrong??,card_not_working,declined_card_payment,0.30574545
How can i check if my card is working?,card_not_working,card_not_working,0.60280967
Nothing goes through on my card.,card_not_working,card_not_working,0.28828743
How do I find out why my card won't work?,card_not_working,card_not_working,0.6335547
"Could it be that I deactivated my card, its not working?",card_not_working,card_linking,0.31942478
May I exchange currencies with this?,exchange_via_app,exchange_via_app,0.6804043
Tell me how I can exchange between different currency.,exchange_via_app,exchange_via_app,0.6885986
Can I change from one currency to another?,exchange_via_app,exchange_via_app,0.6810947
How do I change GBP to AUD?,exchange_via_app,exchange_via_app,0.74641025
Will this app exchange currencies?,exchange_via_app,exchange_via_app,0.72187245
How do I convert currencies with the app?,exchange_via_app,exchange_via_app,0.5877092
How are currencies exchanged?,exchange_via_app,exchange_via_app,0.45865104
Can I exchange currencies with this app?,exchange_via_app,exchange_via_app,0.7609514
How do I make an exchange from one currency to another?,exchange_via_app,exchange_via_app,0.58044606
How do I interconvert between AUD and GBP?,exchange_via_app,exchange_via_app,0.6878573
What all currencies can be exchanged?,exchange_via_app,exchange_via_app,0.49230435
What is the best way to exchange currency between USD and GBP using your app?,exchange_via_app,exchange_via_app,0.7804361
If I wanted to make a change from GBP to AUD what is the process?,exchange_via_app,exchange_via_app,0.72425413
Can I get some money exchanged?,exchange_via_app,exchange_charge,0.28050163
Is it possible to change to another currency?,exchange_via_app,exchange_via_app,0.7090457
How do I exchange my GBP to AUD?,exchange_via_app,exchange_via_app,0.75655186
How would I use my money in a different country?,exchange_via_app,country_support,0.19116421
"If I receive foreign currencies, am I able to exchange them on the app?",exchange_via_app,exchange_via_app,0.6820331
Can I change to another currency?,exchange_via_app,exchange_via_app,0.7127429
"I need AUD not GBP, how do I change it?",exchange_via_app,exchange_via_app,0.74224347
What is the best way to exchange currency?,exchange_via_app,exchange_via_app,0.5551539
If I need GBP instead of AUD what do I do?,exchange_via_app,exchange_via_app,0.72580975
I was wondering whether exchanging currencies can be done on this app.,exchange_via_app,exchange_via_app,0.52146184
"I might need AUD instead of GBP, how to change?",exchange_via_app,exchange_via_app,0.7504321
How do I go through the process of currency exchange?,exchange_via_app,exchange_via_app,0.3038399
Change currency,exchange_via_app,exchange_via_app,0.53886443
Can am I able to exchange currencies?,exchange_via_app,exchange_via_app,0.73122215
Where do I go to change GBP?,exchange_via_app,exchange_via_app,0.67937404
What currency's can i exchange for?,exchange_via_app,exchange_via_app,0.4369398
What currencies will this app exchange?,exchange_via_app,exchange_via_app,0.63065124
Can this app help me exchange currencies?,exchange_via_app,exchange_via_app,0.76067084
I would like to exchange some currency.,exchange_via_app,exchange_via_app,0.6416611
Can I exchange between GBP and USD on the app?,exchange_via_app,exchange_via_app,0.78093886
Is there currency exchange on this app?,exchange_via_app,exchange_via_app,0.47129977
Can I change my currency from USD to EUR?,exchange_via_app,fiat_currency_support,0.5310224
"I think I want AUD and not GBP, can you help?",exchange_via_app,exchange_via_app,0.66978216
How do I exchange currency?,exchange_via_app,exchange_via_app,0.616741
Can I use this app to change dollars into euros?,exchange_via_app,exchange_via_app,0.31560996
Can I exchange currencies with my account?,exchange_via_app,exchange_via_app,0.7370656
I would like to exchange currencies,exchange_via_app,exchange_via_app,0.65258193
"My entire gym bag, including my wallet, was stolen out of my locker today. Everything in my wallet is gone - how do I block the card to make it can't be used?",lost_or_stolen_card,lost_or_stolen_phone,0.17145313
I can't find my card and think it may have been stolen.,lost_or_stolen_card,lost_or_stolen_card,0.47742176
"Someone stole my card. I need to report it stolen. I made a police report already, but how do I report it with you?",lost_or_stolen_card,lost_or_stolen_card,0.4412759
"I cant find my card, it's gone.",lost_or_stolen_card,lost_or_stolen_card,0.41342843
My card is lost! What can I do?,lost_or_stolen_card,lost_or_stolen_card,0.485513
I lost my card,lost_or_stolen_card,lost_or_stolen_card,0.50401884
Oh no!  I lost my card!  Help!,lost_or_stolen_card,lost_or_stolen_card,0.51664543
"I believe my card has been stolen, what can I do about this situation? It's urgent.",lost_or_stolen_card,lost_or_stolen_card,0.50915706
Help! Someone stole my card!,lost_or_stolen_card,lost_or_stolen_card,0.4501093
Help.  I have a stolen card!,lost_or_stolen_card,lost_or_stolen_card,0.44690713
"card is lost, please help",lost_or_stolen_card,lost_or_stolen_card,0.40206173
How do I report my card stolen?,lost_or_stolen_card,lost_or_stolen_card,0.4980963
My card is gone I think it was stolen,lost_or_stolen_card,lost_or_stolen_card,0.51569074
Is a copy of the police report necessary for completing the report process?,lost_or_stolen_card,top_up_by_cash_or_cheque,0.1355844
I lost my wallet today with all my credit cards. Will you please block the card and send a replacement?,lost_or_stolen_card,lost_or_stolen_card,0.2551035
How do I deal with a stolen card?,lost_or_stolen_card,lost_or_stolen_card,0.4280891
Can you freeze my card it was stolen,lost_or_stolen_card,lost_or_stolen_card,0.45467135
Help!  I can't find my card.,lost_or_stolen_card,card_arrival,0.25512728
What should I do if I lost my card?,lost_or_stolen_card,lost_or_stolen_card,0.51094884
I need help with a lost card,lost_or_stolen_card,lost_or_stolen_card,0.4093719
I think my card was stolen.,lost_or_stolen_card,lost_or_stolen_card,0.5178905
"Someone stole my wallet earlier today, not sure exactly when, probably on Piccadilly circus. Can you check if there were any attempts to use the card and obviously block it?",lost_or_stolen_card,compromised_card,0.13029477
I think I lost my card . I dont know how long it has been missing. Can you see if maybe someone else has been using it?,lost_or_stolen_card,lost_or_stolen_card,0.42868134
How can I freeze a stolen card?,lost_or_stolen_card,lost_or_stolen_card,0.4061488
What should I do if my card is missing?,lost_or_stolen_card,lost_or_stolen_card,0.463565
My bags were stolen. I need a new card but need to cancel the stolen one.,lost_or_stolen_card,lost_or_stolen_card,0.36172083
Somehow I am missing my card.  What should I do?,lost_or_stolen_card,lost_or_stolen_card,0.48710978
My card was taken from me,lost_or_stolen_card,lost_or_stolen_card,0.28557703
My card got lost.,lost_or_stolen_card,lost_or_stolen_card,0.48998982
Some idiot stole my card.,lost_or_stolen_card,lost_or_stolen_card,0.378843
How do I report my card lost or stolen?,lost_or_stolen_card,lost_or_stolen_card,0.5046611
My card is lost! What do I do now?,lost_or_stolen_card,lost_or_stolen_card,0.4550527
I'm in Spain and my stuff has been stolen. My card was with it and I need a new one shipped and the old one frozen.,lost_or_stolen_card,lost_or_stolen_card,0.41326234
I believe my credit card was stolen.,lost_or_stolen_card,lost_or_stolen_card,0.3999252
How do I report a stolen card?,lost_or_stolen_card,lost_or_stolen_card,0.43325102
"Somebody has stolen my card, I need help please.",lost_or_stolen_card,lost_or_stolen_card,0.4372028
I cannot find my credit card.,lost_or_stolen_card,card_linking,0.101926245
Are you able to locate my card?,lost_or_stolen_card,card_arrival,0.34087166
My card got stolen!,lost_or_stolen_card,lost_or_stolen_card,0.5095133
Help me please!  My card was stolen!,lost_or_stolen_card,lost_or_stolen_card,0.52107537
how old do i need to be to get an account for myself,age_limit,age_limit,0.86093694
How young can I be to open my own account?,age_limit,age_limit,0.85694087
How old do I have to be?,age_limit,age_limit,0.84720194
Can I open an account for a child?,age_limit,age_limit,0.8523163
How old do we have to be?,age_limit,age_limit,0.8482484
How do I go about setting up an account for my daughter?,age_limit,age_limit,0.8477313
Is there an age minimum?,age_limit,age_limit,0.8408276
What is the youngest age in order to have an account?,age_limit,age_limit,0.8547109
What age do I have to be?,age_limit,age_limit,0.8454559
Can my daughter open an account?,age_limit,age_limit,0.85317796
What is the minimum age to open an account?,age_limit,age_limit,0.8578755
What is the minimum age?,age_limit,age_limit,0.84254164
I am only 17. Can I make an account?,age_limit,age_limit,0.8283462
Could I open an account for my children?,age_limit,age_limit,0.8660486
What is the age to open an account?,age_limit,age_limit,0.8539332
How do I open up an account for my child?,age_limit,age_limit,0.85753524
Can I open a bank account for my newborn baby?,age_limit,age_limit,0.7146874
How old do I have to be to open an account?,age_limit,age_limit,0.8645046
Do you offer services for children to have money saving experience?,age_limit,age_limit,0.41751206
If my kids wanted to use your service how old would they have to be?,age_limit,age_limit,0.8510486
Can my 19 year old daughter open a savings account at the bank?,age_limit,age_limit,0.7788806
How old do you have to be to get an account?,age_limit,age_limit,0.86343724
What's the minimum age for opening an account?,age_limit,age_limit,0.85104537
"I would like an account for my children, how do I go about doing this?",age_limit,age_limit,0.8579971
Can my children have their own account?,age_limit,age_limit,0.8461042
Is it possible to open an account for my children?,age_limit,age_limit,0.86412424
Do my kids have to be a certain age to use this service?,age_limit,age_limit,0.85379946
How old do you have to be to be able to open an account?,age_limit,age_limit,0.85771227
Is there an age limit?,age_limit,age_limit,0.86244637
What are the age requirements for opening an account?,age_limit,age_limit,0.8581394
will i be able to open an account for my daughter,age_limit,age_limit,0.8445414
How old do I need to be to open an account?,age_limit,age_limit,0.86454004
What age can sign up for services?,age_limit,age_limit,0.81797725
How old do my kids have to be to use your service?,age_limit,age_limit,0.85799706
What age do my kids need to be to use your service?,age_limit,age_limit,0.86000085
How old do my children need to be to open an account?,age_limit,age_limit,0.86907464
How old does my kids need to be to open an account?,age_limit,age_limit,0.8662445
How young can someone be in order to open an account?,age_limit,age_limit,0.8510245
What is the youngest someone can be to open an account?,age_limit,age_limit,0.851612
How old does one have to be to have an account with the bank?,age_limit,age_limit,0.8147666
How do I get my PIN unlocked?,pin_blocked,pin_blocked,0.72023684
Where can I view my PIN?,pin_blocked,get_physical_card,0.75414205
Will you reinstate my PIN?,pin_blocked,change_pin,0.519922
I accidentally blocked my PIN. How do I reset it?,pin_blocked,pin_blocked,0.82560235
How do I unblock my pin after entering it wrong too many times?,pin_blocked,pin_blocked,0.8366468
I used the wrong ping too many times and now the account is blocked.  How do I unblock?,pin_blocked,pin_blocked,0.6403138
I need help because I drunken blocked my card?,pin_blocked,card_not_working,0.13748954
"How do I reset my PIN, I can't seem to use my card?",pin_blocked,pin_blocked,0.43591723
"When I put the wrong pin too much, I got blocked, so can you help me unblock my pin",pin_blocked,pin_blocked,0.82798886
"My pin was blocked, how do I make it so I can use it?",pin_blocked,pin_blocked,0.8318546
How many tries do I have to enter my pin before I'm blocked?,pin_blocked,pin_blocked,0.8192519
What should I do if I've tried to enter my PIN too often?,pin_blocked,pin_blocked,0.77976775
I have exceeded the number of times I can try my PIN,pin_blocked,pin_blocked,0.69001955
How can I unblock a blocked pin number for my account?,pin_blocked,pin_blocked,0.83645463
What do I do if the bank machine won't accept my PIN attempts anymore?,pin_blocked,pin_blocked,0.7348549
Can you unlock my pin? I think I entered the wrong pin too many times.,pin_blocked,pin_blocked,0.82144773
How do I deal with a blocked PIN?,pin_blocked,pin_blocked,0.80460805
"I attempted to use my card while I was intoxicated, and I failed to input my PIN, and the machine kept my card. How soon can I have it back?",pin_blocked,pin_blocked,0.7084807
Can I unblock my card using the app?,pin_blocked,pin_blocked,0.5673665
I'v exhausted all the of times I can try my PIN,pin_blocked,pin_blocked,0.7473129
How can I unlock my pin from too many tries?,pin_blocked,pin_blocked,0.77083355
Help! I forgot my PIN and have been locked out of using my card.,pin_blocked,pin_blocked,0.7149979
"My account is blocked, how do I log in now",pin_blocked,terminate_account,0.39204818
Why did I get blocked?,pin_blocked,pin_blocked,0.2797954
Are you able to unblock my pin?,pin_blocked,pin_blocked,0.8399358
Can you assist me with unblocking my PIN? I put it in wrong too many times.,pin_blocked,pin_blocked,0.82459205
I entered the wrong pin too many times and now I am blocked.  Help me unblock!,pin_blocked,pin_blocked,0.81562495
"My pins seems to be blocked, can you unblock it please",pin_blocked,pin_blocked,0.7968317
Can you unblock my pin after too many wrong pin attempts?,pin_blocked,pin_blocked,0.8327589
What can you do to unblock my pin?,pin_blocked,pin_blocked,0.8328977
"My PIN is blocked, what do I do?",pin_blocked,pin_blocked,0.8340332
Can I reactivate my PIN?,pin_blocked,get_physical_card,0.4287742
How do I reset my PIN?,pin_blocked,change_pin,0.6304128
Can I unblock my pin?,pin_blocked,pin_blocked,0.8385054
How do I unblock my PIN?,pin_blocked,pin_blocked,0.8373757
"My card's frozen, what can I do?",pin_blocked,card_not_working,0.48016718
How can I unlock the pin?,pin_blocked,pin_blocked,0.59129566
"Since my pin is blocked, would you help me unblock it?",pin_blocked,pin_blocked,0.83938843
My PIN is not working and I need assistance.,pin_blocked,pin_blocked,0.7686609
"
Where can I get my PIN unblocked?",pin_blocked,pin_blocked,0.8382835
Are contactless payments enabled on my new card?,contactless_not_working,contactless_not_working,0.12853998
My contanctless has stopped working,contactless_not_working,pin_blocked,0.13845366
what is required documents for new card process ?,contactless_not_working,card_about_to_expire,0.24533711
"I don't know what's wrong, my contactless stopped working. Tried it in a few different places today and it didn't work in any of them.",contactless_not_working,contactless_not_working,0.13156791
How do I get the contactless feature to work for my card?,contactless_not_working,contactless_not_working,0.11164832
I tried to pay contactless at the bus today and it didn't work. Any ideas why?,contactless_not_working,contactless_not_working,0.14406498
I've been unable to pay contactless with my card for over a week now. Is there a way to fix this issue?,contactless_not_working,contactless_not_working,0.13228069
Do you know why my contactless won't work?,contactless_not_working,contactless_not_working,0.14644681
My contactless payments have not been completed successfully.,contactless_not_working,contactless_not_working,0.1192404
Do I need to replace my card if it didn't work when I tried to pay contactless at the shop today?,contactless_not_working,contactless_not_working,0.14868219
For some reason my contactless has stopped working. I don't know what the problem is. What can I do?,contactless_not_working,contactless_not_working,0.14303324
"I couldn't use my contactless this morning, it wasn't accepted.",contactless_not_working,contactless_not_working,0.14467695
Contactless isn't working for me,contactless_not_working,contactless_not_working,0.15022255
Why wouldn't the contactless payment work when I tried to pay at the bus today?,contactless_not_working,contactless_not_working,0.1295564
How do I check my security settings to allow contactless pay?,contactless_not_working,contactless_not_working,0.09098128
What can I do if contactless doesn't work?,contactless_not_working,contactless_not_working,0.15566032
Fix my contactless,contactless_not_working,contactless_not_working,0.12318872
How can I make my contactless work for the metro?,contactless_not_working,contactless_not_working,0.0966716
My contactless is not working,contactless_not_working,contactless_not_working,0.15219443
Can you help my fix my contactless?,contactless_not_working,contactless_not_working,0.12755169
For some reason my contactless won't work for me.,contactless_not_working,contactless_not_working,0.15313813
I'm unable to use contactless payments for purchases.,contactless_not_working,contactless_not_working,0.13411964
"When I tried to pay for my bus ride, the contactless payment wouldn't work. How can I prevent this in the future?",contactless_not_working,contactless_not_working,0.12842771
The NFC payment wouldn't work on the bus today. Help?,contactless_not_working,declined_card_payment,0.22799145
"I wanted to use my card contactless but it doesn't seem to be working, what could be the problem?",contactless_not_working,contactless_not_working,0.1548337
How do I make contactless work,contactless_not_working,contactless_not_working,0.11445928
what is the charges for new card?,contactless_not_working,card_about_to_expire,0.23018038
The contactless I have won't work.,contactless_not_working,contactless_not_working,0.15022008
Why isn't my contactless not working?,contactless_not_working,contactless_not_working,0.15504304
I wanted to use my contactless at the metro today but it didn't accept it!,contactless_not_working,contactless_not_working,0.124610685
It didnt work when I tried to pay contactless at the bus today. Why?,contactless_not_working,contactless_not_working,0.13940889
I am not able to do contactless.,contactless_not_working,contactless_not_working,0.144623
How do I use contactless payments?,contactless_not_working,contactless_not_working,0.11539135
Help me with my contactless which isn't working.,contactless_not_working,contactless_not_working,0.15832432
How can I fix a problem where contactless isn't working?,contactless_not_working,contactless_not_working,0.14622624
How do I use contactless pay?,contactless_not_working,apple_pay_or_google_pay,0.11242337
How do I enable contactless pay?,contactless_not_working,apple_pay_or_google_pay,0.10263127
Do I need to make a regular payment before a contactless one?,contactless_not_working,contactless_not_working,0.11765659
How can I find out where my contactless works?,contactless_not_working,contactless_not_working,0.102801606
Should i reinstall the payment app?,contactless_not_working,reverted_card_payment?,0.33278975
how much do you charge to accept transfers,top_up_by_bank_transfer_charge,top_up_by_bank_transfer_charge,0.457899
I would like to make a transfer. How much does it cost?,top_up_by_bank_transfer_charge,top_up_by_bank_transfer_charge,0.4609957
"I need to make a transfer, what will the fee be?",top_up_by_bank_transfer_charge,transfer_fee_charged,0.70450616
If I make a top-up are there charges applied?,top_up_by_bank_transfer_charge,top_up_by_card_charge,0.5114731
Can I also transfer with SWIFT?,top_up_by_bank_transfer_charge,top_up_by_bank_transfer_charge,0.5773058
Are SWIFT transfers accepted?,top_up_by_bank_transfer_charge,top_up_by_bank_transfer_charge,0.5654208
I would like to refill my account using SWIFT.,top_up_by_bank_transfer_charge,terminate_account,0.702317
Do I have to pay for topping up by transfer?,top_up_by_bank_transfer_charge,top_up_by_bank_transfer_charge,0.43512493
Are there any sort of fees involved for top of transfers?,top_up_by_bank_transfer_charge,top_up_by_bank_transfer_charge,0.4431857
Is it possible to get a transfer from SWIFT?,top_up_by_bank_transfer_charge,top_up_by_bank_transfer_charge,0.54147804
Do I have to pay any fees in order to receive money?,top_up_by_bank_transfer_charge,top_up_by_bank_transfer_charge,0.35444292
How much am I charged to receive money?,top_up_by_bank_transfer_charge,top_up_by_bank_transfer_charge,0.27734923
Will you deal with SWIFT transfers?,top_up_by_bank_transfer_charge,top_up_by_bank_transfer_charge,0.6259119
Will there be any charges for money received?,top_up_by_bank_transfer_charge,top_up_by_bank_transfer_charge,0.4605136
Will a transfer incur a fee?,top_up_by_bank_transfer_charge,transfer_fee_charged,0.6202005
Are there charges for receiving a SEPA transfer?,top_up_by_bank_transfer_charge,top_up_by_bank_transfer_charge,0.66662663
If I transfer money from my bank to top-up my account will I be charged?,top_up_by_bank_transfer_charge,top_up_by_bank_transfer_charge,0.43020386
Will I be charged if someone needs to send me money?,top_up_by_bank_transfer_charge,top_up_by_bank_transfer_charge,0.3070814
What are the fees for top-ups?,top_up_by_bank_transfer_charge,top_up_by_card_charge,0.6659219
Will topping up by transfer lead to a charge on my account?,top_up_by_bank_transfer_charge,top_up_by_bank_transfer_charge,0.57459974
What are the charges for receiving money?,top_up_by_bank_transfer_charge,top_up_by_bank_transfer_charge,0.51145077
What is the fee to receive money?,top_up_by_bank_transfer_charge,top_up_by_bank_transfer_charge,0.255489
How much am I charged for a SEPA transfer?,top_up_by_bank_transfer_charge,top_up_by_bank_transfer_charge,0.6308938
How much is the fee for a SEPA transfer?,top_up_by_bank_transfer_charge,top_up_by_bank_transfer_charge,0.60913527
What'll it charge me for a SEPA transfer?,top_up_by_bank_transfer_charge,top_up_by_bank_transfer_charge,0.66349566
Is there a charge for topping up by transfer?,top_up_by_bank_transfer_charge,top_up_by_bank_transfer_charge,0.65722454
Do you do SWIFT transfers?,top_up_by_bank_transfer_charge,top_up_by_bank_transfer_charge,0.6505664
Should I expect to be charged for topping up by transfer?,top_up_by_bank_transfer_charge,top_up_by_bank_transfer_charge,0.64015615
Will I be charged for a SEPA transfer?,top_up_by_bank_transfer_charge,top_up_by_bank_transfer_charge,0.6509733
is there a fee for a transfer? if so how much will it be?,top_up_by_bank_transfer_charge,transfer_fee_charged,0.7057117
Please tell me about SWIFT transfers at this bank.,top_up_by_bank_transfer_charge,top_up_by_bank_transfer_charge,0.43691736
Is there a fee for transfer top-up?,top_up_by_bank_transfer_charge,top_up_by_bank_transfer_charge,0.57878727
Can you tell me what the transfer policy is?,top_up_by_bank_transfer_charge,top_up_by_bank_transfer_charge,0.17251053
Is a SWIFT transfer okay?,top_up_by_bank_transfer_charge,top_up_by_bank_transfer_charge,0.50099707
Will I be charged a fee if I receive a SEPA transfer,top_up_by_bank_transfer_charge,top_up_by_bank_transfer_charge,0.5918031
"When topping up by transfer, will I be charged?",top_up_by_bank_transfer_charge,top_up_by_bank_transfer_charge,0.5998416
What us the fee to transfer money from my bank?,top_up_by_bank_transfer_charge,transfer_fee_charged,0.5183737
Do I get charged if i am getting money?,top_up_by_bank_transfer_charge,cash_withdrawal_charge,0.28722408
Can you tell me the total cost of a transfer?,top_up_by_bank_transfer_charge,top_up_by_bank_transfer_charge,0.5435102
can i do a transfer with swift,top_up_by_bank_transfer_charge,top_up_by_bank_transfer_charge,0.5982236
"new customer and filling gas today, it's not working, the thing shows pending half an hour!",pending_top_up,pending_cash_withdrawal,0.15331332
My card was topped this morning but I can't see the funds. Why didn't it complete?,pending_top_up,pending_top_up,0.3561619
What would lead to my top up still pending?,pending_top_up,pending_top_up,0.8705272
there's a delay in my top-up,pending_top_up,pending_top_up,0.8274802
Is there a reason my top up hasn't gone through,pending_top_up,pending_top_up,0.72863954
The top-up is pending.,pending_top_up,pending_top_up,0.8516165
Could you explain why my top-up has gone through yet?,pending_top_up,pending_top_up,0.8569985
"I've already topped up, but I cannot see the funds being available. What happened?",pending_top_up,pending_top_up,0.36715898
What is going on? My top-up is still pending. I use your system all the time but now it is just showing as pending.,pending_top_up,pending_top_up,0.8601822
I  do not see a top-up processed.,pending_top_up,pending_top_up,0.49477026
I topped up but it didn't complete,pending_top_up,pending_top_up,0.4944499
"So, I am a new customer and attempted to top up for the very first time today. It's already been pending for half an hour and doesn't seem to be working. I need to please get this fixed.",pending_top_up,pending_top_up,0.84313285
My top up is pending.,pending_top_up,pending_top_up,0.8673449
Can you look into my top up please.  I made it over three hours ago and yet it's still pending.,pending_top_up,pending_top_up,0.8659676
Can you please make my top up go through as soon as possible. I really need the money and it has been pending for an hour already.,pending_top_up,pending_top_up,0.86540073
"What's going on with the top-up? All it says is pending, pending, pending! I use your service several times a week and have never had a problem before! What's going on here?",pending_top_up,pending_top_up,0.83078974
why hasn't my top up gone through yet,pending_top_up,pending_top_up,0.8543344
top-up is slow to process,pending_top_up,pending_top_up,0.6204828
"Is there something wrong with your website? I tried topping up my account and it's been close to two hours now and it's still at ""pending"" for some reason. I just joined with you guys and this is the first attempt at this, so maybe I'm wrong, but shouldn't this be instant?",pending_top_up,pending_top_up,0.8271648
"I topped up by card a while ago and it's still pending, surely it should be done by now?",pending_top_up,pending_top_up,0.84221
Why hasn't my top-up been completed?,pending_top_up,pending_top_up,0.7491058
top up did not complete,pending_top_up,pending_top_up,0.73785967
So I just put my top-up into the card and it hasn't changed.,pending_top_up,top_up_reverted,0.5785924
Why is my top up still pending?,pending_top_up,pending_top_up,0.86668295
"Your top-up function isn't working, it still says pending even though I know my card works.",pending_top_up,pending_top_up,0.85163254
"Hi I'm a new customer and tried topping up for the first time today, seems it's not working, the thing shows up as pending since half an hour already! Please fix it!",pending_top_up,pending_top_up,0.8059305
"OMG!  I'm trying to load my card and it wont top up!  I desperately need the money either on my card or in my bank, where is it?",pending_top_up,top_up_failed,0.32845822
I'm attempting to top-up my account but it has been pending for an hour.,pending_top_up,pending_top_up,0.86476135
Why is my top-up still outstanding?,pending_top_up,pending_top_up,0.3364328
What does it mean when my top up is saying  still pending?,pending_top_up,pending_top_up,0.86169106
"My top up hasn't worked, it's been stuck in pending for the last couple hours",pending_top_up,pending_top_up,0.847338
It doesn't look like the top-up completed.,pending_top_up,pending_top_up,0.80918545
Why does my top up say still pending when I used my card to do it.,pending_top_up,pending_top_up,0.8690819
Where is the money I topped off with?,pending_top_up,pending_top_up,0.40967005
"Hi. I'm a new customer to your system and I think something isn't working right - or maybe it is. Maybe you can confirm. I tried to top up today (my first time ever) and it's been stuck at ""pending"" for over an hour now. Is it supposed to do this or is there something wrong in the system?",pending_top_up,pending_top_up,0.8092958
Why is my top-up still pending?,pending_top_up,pending_top_up,0.86835754
Topping up my card is not working because I believe the top up is pending,pending_top_up,pending_top_up,0.84220475
When will my top-up process?,pending_top_up,pending_top_up,0.80219966
"The top-up has a definite problem! I regularly use your service and haven't had a problem before, but now the top-up just shows pending. Please tell my why it continues to show pending.",pending_top_up,pending_top_up,0.8453424
"I tried topping up but my funds seem to be pending. I want to buy something right now, what do I do?",pending_top_up,pending_top_up,0.827212
I made a transaction this morning and would like to revert it.,cancel_transfer,cancel_transfer,0.8554638
Can i cancel a charge?,cancel_transfer,cancel_transfer,0.25677577
Can I cancel my transaction?,cancel_transfer,cancel_transfer,0.8745123
I made a transaction but did it to the wrong account.,cancel_transfer,cancel_transfer,0.86523694
Tell me how to cancel a transfer.,cancel_transfer,cancel_transfer,0.8738665
I need you to cancel a transfer that I made.  It is the wrong account number and the app won't let me stop the transaction.  Please stop it!,cancel_transfer,cancel_transfer,0.88419557
"I need to cancel my recent transfer immediately, I made a mistake there, please help quickly before it goes through",cancel_transfer,cancel_transfer,0.87809837
I would like to revert a transaction I did this morning,cancel_transfer,cancel_transfer,0.8809877
If I make a transaction can I cancel it?,cancel_transfer,cancel_transfer,0.8686494
How can I cancel a transfer?,cancel_transfer,cancel_transfer,0.87357986
Is there any way to cancel a transfer?,cancel_transfer,cancel_transfer,0.8721342
I accidentally made a transaction to the wrong account.,cancel_transfer,cancel_transfer,0.86826783
I want to cancel a transfer right away! Can you help?,cancel_transfer,cancel_transfer,0.8467365
Help me cancel my transaction,cancel_transfer,cancel_transfer,0.88704294
"This is URGENT, I typed the wrong payment information for a payment I needed to make and have clicked send, I need to reverse the transaction immediately.",cancel_transfer,cancel_transfer,0.81412846
Can I cancel a transfer,cancel_transfer,cancel_transfer,0.8750858
I want to reverse my transaction from earlier,cancel_transfer,cancel_transfer,0.8809041
Is there a way to revert my transaction from this morning?,cancel_transfer,cancel_transfer,0.811417
I'd like to cancel a transfer,cancel_transfer,cancel_transfer,0.8735296
Can I cancel a transfer if is already processed?,cancel_transfer,cancel_transfer,0.860208
I transferred the wrong amount and would like to cancel the transaction.,cancel_transfer,cancel_transfer,0.8187062
I made a mistake when I did a transfer so now what can I do to fix that?,cancel_transfer,cancel_transfer,0.35480487
I need to cancel an incorrect transaction.,cancel_transfer,cancel_transfer,0.87257475
How do I cancel my transfer?,cancel_transfer,cancel_transfer,0.8600524
I made a mistake with a transaction!,cancel_transfer,cancel_transfer,0.6986192
I submitted a transaction to the incorrect account.,cancel_transfer,cancel_transfer,0.8232643
The transfer I just made needs to be cancelled right now. It was my mistake. Please help me cancel it before it goes through!,cancel_transfer,cancel_transfer,0.8513357
I want to go back on what I did this morning,cancel_transfer,terminate_account,0.105641514
Can a transaction be cancelled?,cancel_transfer,cancel_transfer,0.87652653
How do i cancel my transaction?,cancel_transfer,cancel_transfer,0.8788835
My transaction needs to be canceled.,cancel_transfer,cancel_transfer,0.8747904
I need to make an immediate cancellation related to a transfer. This was a mistake. Please assist quickly so this does not actually go through.,cancel_transfer,cancel_transfer,0.71985614
I made a mistake and need to cancel a transaction,cancel_transfer,cancel_transfer,0.8828141
I made an error in payment yesterday and I need it fixed asap because it's for my rent tomorrow.,cancel_transfer,cancel_transfer,0.47672567
Cancel my last transfer,cancel_transfer,cancel_transfer,0.8209133
"My recent transfer needs to be cancelled immediately; it was a mistake, please can you cancel it before it goes through?",cancel_transfer,cancel_transfer,0.86905795
I need help cancelling a transaction.,cancel_transfer,cancel_transfer,0.87799495
I don't want the transaction to go through now,cancel_transfer,transfer_not_received_by_recipient,0.5653198
Can I change the amount I made on a payment that I made to the payment is correct.,cancel_transfer,cancel_transfer,0.18413207
Please help me!  I need to cancel a transaction.,cancel_transfer,cancel_transfer,0.87784016
can you limit my top up?,top_up_limits,top_up_limits,0.767323
Am I free to top-up as much as I want?,top_up_limits,top_up_limits,0.42112002
Is there a top up limit for my account?,top_up_limits,top_up_limits,0.7875711
What is the limit to top up?,top_up_limits,top_up_limits,0.80554676
How much money can i top up?,top_up_limits,top_up_limits,0.5043031
What are the restrictions to top-offs?,top_up_limits,top_up_limits,0.66556275
Are the top-ups limited?,top_up_limits,top_up_limits,0.77129626
what is the top up limit,top_up_limits,top_up_limits,0.80072385
I need to find out what is the limit for top-ups.,top_up_limits,top_up_limits,0.8058702
Do you have a limit to top ups?,top_up_limits,top_up_limits,0.7998837
What is maximum top up?,top_up_limits,top_up_limits,0.7775229
How can I tell what the limit is to top-ups?,top_up_limits,top_up_limits,0.80784637
Is there a limit to top-up amounts?,top_up_limits,top_up_limits,0.78604084
Is there any limit to the amount I can add to a card at a time?,top_up_limits,getting_spare_card,0.37708005
I want to know if there is a maximum I can top up.,top_up_limits,top_up_limits,0.7674239
What is the limit to a top-up?,top_up_limits,top_up_limits,0.80790573
Tell me if there are any top-up limits?,top_up_limits,top_up_limits,0.79754555
How can I top-up my limit?,top_up_limits,top_up_limits,0.77989113
Is there a limit to top-ups?,top_up_limits,top_up_limits,0.8050061
Can I top-up as much as I want?,top_up_limits,top_up_limits,0.7184422
Can you tell me the limits for top ups?,top_up_limits,top_up_limits,0.8021083
When I top up what are the amoutn limits.,top_up_limits,top_up_limits,0.6948987
Is there a limit on top-ups?,top_up_limits,top_up_limits,0.8074778
What is the top-ups limit?,top_up_limits,top_up_limits,0.80665845
Are there limits to top-ups?,top_up_limits,top_up_limits,0.8088671
Is there a maximum amount of top-ups?,top_up_limits,top_up_limits,0.79331446
Do you have a top-up limit?,top_up_limits,top_up_limits,0.81036603
What's the top up limit?,top_up_limits,top_up_limits,0.7985069
What is the limit to top-up?,top_up_limits,top_up_limits,0.80938745
How much can I top-up to my card at a time?,top_up_limits,top_up_limits,0.6211614
how much can i top up?,top_up_limits,top_up_limits,0.7425747
what is the most i can top up?,top_up_limits,top_up_limits,0.74901164
Is there a limit to how high I can top-up?,top_up_limits,top_up_limits,0.78303134
Is there an amount limit to my top-up?,top_up_limits,top_up_limits,0.78206366
Is there a limit for top-ups?,top_up_limits,top_up_limits,0.805171
Is there a maximum i can top up?,top_up_limits,top_up_limits,0.73689246
How can I tell if there is a top-up limit?,top_up_limits,top_up_limits,0.79491
Do you have any restrictions to my top-up?,top_up_limits,top_up_limits,0.64765257
As for limits are top ups included?,top_up_limits,top_up_limits,0.7975333
What are the top-up limits?,top_up_limits,top_up_limits,0.8004719
"I don't know if this is an issue with the ATM or my account, but I just tried withdrawing 30 pounds from the ATM I'm at now and it only gave me 10. Is this a glitch or what exactly is going on?",wrong_amount_of_cash_received,wrong_amount_of_cash_received,0.81714714
I didn't get all the cash I requested for at the ATM,wrong_amount_of_cash_received,wrong_amount_of_cash_received,0.90731335
How come the ATM gave me less cash than what I asked for?,wrong_amount_of_cash_received,wrong_amount_of_cash_received,0.8864329
Why did I not get my cash back after I withdrew?,wrong_amount_of_cash_received,declined_cash_withdrawal,0.34402052
I got less cash than the one I specified in the ATM,wrong_amount_of_cash_received,wrong_amount_of_cash_received,0.8814615
The amount of cash I received was incorrect,wrong_amount_of_cash_received,wrong_amount_of_cash_received,0.89427805
I'm at an ATM and withdrew 30 pounds and was only given 10. What should I do?,wrong_amount_of_cash_received,wrong_amount_of_cash_received,0.87657154
The ATM gave me the wrong amount of cash today when I went to withdraw. The app says it was more.,wrong_amount_of_cash_received,wrong_amount_of_cash_received,0.88641846
The amount of cash I received was different than what I requested.,wrong_amount_of_cash_received,wrong_amount_of_cash_received,0.87502295
"Hi. I just withdrew cash from an ATM and received the wrong amount. However, my app shows the correct amount I withdrew. How do I get the rest of the cash?",wrong_amount_of_cash_received,wrong_amount_of_cash_received,0.8616088
"The wrong amount of cash came out of the ATM today when I went to withdraw. When I looked at the app, it was showing it was much more.",wrong_amount_of_cash_received,wrong_amount_of_cash_received,0.84520024
I did not get as much cash as I requested at the ATM.,wrong_amount_of_cash_received,wrong_amount_of_cash_received,0.8981892
"How can I request cash back? The ATM just gave me the wrong amount, the app shows the amount that I've been actually charged though...",wrong_amount_of_cash_received,wrong_amount_of_cash_received,0.8062466
Where is the money I pushed it's on my mobile app as being withdrawn.,wrong_amount_of_cash_received,cash_withdrawal_not_recognised,0.60384065
Why did I not get all the cash I asked for?,wrong_amount_of_cash_received,wrong_amount_of_cash_received,0.91103894
My cash withdrawal was partly declined,wrong_amount_of_cash_received,declined_cash_withdrawal,0.70970225
Why did I only get $20 when I tried to get $100,wrong_amount_of_cash_received,wrong_amount_of_cash_received,0.8996023
I have withdrawn cash from ATM but i received the wrong amount. I want cash back as in app its showing actual amount which i got. Please help me in this.,wrong_amount_of_cash_received,wrong_amount_of_cash_received,0.79994875
"I went to withdraw some cash earlier today, but seems the ATM gave me the wrong amount of cash! The amount showing up in the app is a lot more",wrong_amount_of_cash_received,wrong_amount_of_cash_received,0.8702406
I tried to get $100 but I just got $20,wrong_amount_of_cash_received,wrong_amount_of_cash_received,0.90622133
I have not received the amount of cash i was supposed to.,wrong_amount_of_cash_received,wrong_amount_of_cash_received,0.9111082
I asked for $100 cash but only got $20?,wrong_amount_of_cash_received,wrong_amount_of_cash_received,0.9109092
Where is the money that I asked for? I asked for more than I got!,wrong_amount_of_cash_received,wrong_amount_of_cash_received,0.7930976
I withdrew money but the full amount wasn't dispensed.,wrong_amount_of_cash_received,wrong_amount_of_cash_received,0.58287907
Something went wrong with my withdrawal. The amount of money isn't right.,wrong_amount_of_cash_received,wrong_amount_of_cash_received,0.7868663
I have got out the wrong amount from an ATM. Please tell me the process to get the cash back as in app its showing the amount i have been actually received.,wrong_amount_of_cash_received,wrong_amount_of_cash_received,0.8249951
I asked for 100 but only got 20.,wrong_amount_of_cash_received,wrong_amount_of_cash_received,0.8654271
I didn't receive the right amount of cash back,wrong_amount_of_cash_received,wrong_amount_of_cash_received,0.8964162
The ATM gave me less cash than I requested,wrong_amount_of_cash_received,wrong_amount_of_cash_received,0.89478517
"I didn't get as much cash as I asked for from the ATM, why?",wrong_amount_of_cash_received,wrong_amount_of_cash_received,0.89735806
What do I do if the ATM didn't give me the correct amount I withdrew? I pulled out 30 pounds and the ATM gave me 10 pounds.,wrong_amount_of_cash_received,wrong_amount_of_cash_received,0.88206345
"I tried to take out cash but the amount isn't right, so what do I do?",wrong_amount_of_cash_received,wrong_amount_of_cash_received,0.65830904
I didn't receive all the cash I asked for,wrong_amount_of_cash_received,wrong_amount_of_cash_received,0.90807384
I just got $20 when I tried to get $100,wrong_amount_of_cash_received,wrong_amount_of_cash_received,0.9057457
The right amount of cash was not sent to me.,wrong_amount_of_cash_received,wrong_amount_of_cash_received,0.8951408
The ATM didn't give me the the withdraw amount requested.,wrong_amount_of_cash_received,wrong_amount_of_cash_received,0.88285524
Why did I get less money than I asked for?,wrong_amount_of_cash_received,wrong_amount_of_cash_received,0.8254599
I didn't get the right amount at the ATM.,wrong_amount_of_cash_received,wrong_amount_of_cash_received,0.8979082
did not receive correct cash upon withdrawal,wrong_amount_of_cash_received,declined_cash_withdrawal,0.3939533
Will declined funds I tried to withdraw be returned to me?,wrong_amount_of_cash_received,declined_cash_withdrawal,0.69678223
I payed with a card and was charged an extra fee,card_payment_fee_charged,card_payment_fee_charged,0.85995716
I was charged a fee after using my card and I shouldn't have been.,card_payment_fee_charged,card_payment_fee_charged,0.8625896
Is there a reason I was charged a fee for using my card as payment? I've never had an extra fee before.,card_payment_fee_charged,card_payment_fee_charged,0.85526484
"I show another charge on my card from when I used it, why?",card_payment_fee_charged,card_payment_fee_charged,0.31527573
"Why do I get charged additional fees on some payments, but not others?",card_payment_fee_charged,card_payment_fee_charged,0.834671
I used my card for a purchase and was charged a fee,card_payment_fee_charged,card_payment_fee_charged,0.85239565
Why was I charged for card payment?,card_payment_fee_charged,card_payment_fee_charged,0.8015888
There is an unauthorized fee.,card_payment_fee_charged,card_payment_fee_charged,0.7915779
I would appreciate that someone let me know when there is an extra charge for payments. I was checking the app earlier and saying a charge on one of my payments that was additional that no one made me aware of before.,card_payment_fee_charged,card_payment_fee_charged,0.62697065
Why was I charged an extra fee when paying with my card?,card_payment_fee_charged,card_payment_fee_charged,0.86077994
Why did I have to pay extra because I paid with card?,card_payment_fee_charged,card_payment_fee_charged,0.82922465
Why are there fees for card usage?,card_payment_fee_charged,card_payment_fee_charged,0.44213998
im not sure what this charge is for,card_payment_fee_charged,card_payment_fee_charged,0.26840666
What is the fee charged with this card payment?,card_payment_fee_charged,card_payment_fee_charged,0.8480247
When would my card be charged an extra fee for a transaction?,card_payment_fee_charged,card_payment_fee_charged,0.80246955
Why did I have to pay more when I do it with my card?,card_payment_fee_charged,card_payment_fee_charged,0.57845545
I made a card payment and a fee is showing up?,card_payment_fee_charged,card_payment_fee_charged,0.8435065
I have been charged a fee for paying with card,card_payment_fee_charged,card_payment_fee_charged,0.84966
What is the fee on my card payment?,card_payment_fee_charged,card_payment_fee_charged,0.8404522
Why would I be charged a fee for card payment?,card_payment_fee_charged,card_payment_fee_charged,0.85055923
Will I always be charged a fee for using my card?,card_payment_fee_charged,card_payment_fee_charged,0.8116167
"Can I check somewhere if there will be a fee on my payment or not? Seems you are charging in some cases, what's the pattern there?",card_payment_fee_charged,card_payment_fee_charged,0.82644457
Paying in card resulted in a fee,card_payment_fee_charged,card_payment_fee_charged,0.8444219
I paid with card and I think there was a fee applied.,card_payment_fee_charged,card_payment_fee_charged,0.86684716
So what items  actually come  with  extra  fees,card_payment_fee_charged,card_payment_fee_charged,0.8230086
How do I avoid getting charged a fee on my card?,card_payment_fee_charged,card_payment_fee_charged,0.8547901
Is there a fee when you pay with your card?,card_payment_fee_charged,card_payment_fee_charged,0.7538075
I have been charged with a fee for paying with my card.,card_payment_fee_charged,card_payment_fee_charged,0.870027
For the first time I got a fee on my account. How do I know when you charge these fees?,card_payment_fee_charged,card_payment_fee_charged,0.79166114
Someone needs to make me aware when there are extra charges for payments. I happened to be looking at the app earlier and noticed a charge associated to a payment that was extra that no one made me aware of before at all.,card_payment_fee_charged,card_payment_fee_charged,0.6858428
Is using my card free?,card_payment_fee_charged,card_payment_fee_charged,0.43624482
Why was I charged an extra fee when using a card?,card_payment_fee_charged,card_payment_fee_charged,0.84948653
What fees apply when using a card?,card_payment_fee_charged,order_physical_card,0.30502167
Why do you charge for payments? Why aren't your charges clearly laid out in the agreement?,card_payment_fee_charged,card_payment_fee_charged,0.5353641
Why was I charged a fee when I paid with card?,card_payment_fee_charged,card_payment_fee_charged,0.85743946
There is a fee on my account. Why?,card_payment_fee_charged,card_payment_fee_charged,0.6451288
Why do you charge fees on card payments?,card_payment_fee_charged,card_payment_fee_charged,0.75523853
I was charged a fee for a card payment. Why?,card_payment_fee_charged,card_payment_fee_charged,0.86024266
Why was a charged a fee for using the card?,card_payment_fee_charged,card_payment_fee_charged,0.8517184
They charged me for paying with my card.,card_payment_fee_charged,card_payment_fee_charged,0.80436325
"I completed an in country transfer a few days ago and was sure to check the account information several times since the transaction was completed, but the funds are still not available. What is the problem?",transfer_not_received_by_recipient,transfer_not_received_by_recipient,0.61835873
My money transfer has not arrived.,transfer_not_received_by_recipient,transfer_not_received_by_recipient,0.41035956
I am still waiting for a transaction to be completed,transfer_not_received_by_recipient,transfer_not_received_by_recipient,0.6641297
I made a money transaction but the recipient can't see it,transfer_not_received_by_recipient,transfer_not_received_by_recipient,0.73554677
I tried to send someone money but they haven't received it.,transfer_not_received_by_recipient,transfer_not_received_by_recipient,0.259693
How long does it take for a transfer to get to a recipient?,transfer_not_received_by_recipient,transfer_timing,0.47890937
How can the recipient see my money transaction?,transfer_not_received_by_recipient,transfer_not_received_by_recipient,0.6340628
I transferred money but the recipient says it has not arrived. Why would this be?,transfer_not_received_by_recipient,transfer_not_received_by_recipient,0.6240932
The transfer I did hasn't arrived,transfer_not_received_by_recipient,transfer_not_received_by_recipient,0.6114564
how long do money transfers take?,transfer_not_received_by_recipient,transfer_timing,0.4247592
I transferred some money and it didint arrive,transfer_not_received_by_recipient,transfer_not_received_by_recipient,0.43042478
Where is the transfer I started?,transfer_not_received_by_recipient,balance_not_updated_after_bank_transfer,0.239545
transaction failed?,transfer_not_received_by_recipient,failed_transfer,0.22909008
"I just finished sending money, but it's not logging on the recipient side.",transfer_not_received_by_recipient,transfer_not_received_by_recipient,0.6569835
I completed a money transaction but the recipient hasn't received it,transfer_not_received_by_recipient,transfer_not_received_by_recipient,0.78787273
The receipient doesn't see my money transfer.,transfer_not_received_by_recipient,balance_not_updated_after_bank_transfer,0.34278882
"I transferred the rent payment for my new place a couple days ago but the landlord says it's not there yet, despite showing up as done on my side. I checked the account number I sent it to and it's definitely correct. Can you please verify if the transaction really went through or not?",transfer_not_received_by_recipient,transfer_not_received_by_recipient,0.6789294
I need to find out why my transfer didn't get there.,transfer_not_received_by_recipient,failed_transfer,0.4539077
"I've just moved address from a place in Durham to a place in Walton-On-The-Naze.  I have a new landlord at my new house and they haven't got my payment but I know I sent it on time, can you check they got it please?",transfer_not_received_by_recipient,transfer_not_received_by_recipient,0.3630415
I sent money.  They haven't received it.,transfer_not_received_by_recipient,transfer_not_received_by_recipient,0.71289873
"Hey, I need some help figuring out way my transfer is not complete yet. My Landlord hasn't got the money yet.She should have received it by now.",transfer_not_received_by_recipient,transfer_not_received_by_recipient,0.57908136
"The day before yesterday, I performed a transfer which was within this country. It still hasn't gone through. Can you check on that? The account number is definitely correct, as I've checked and double checked.",transfer_not_received_by_recipient,transfer_not_received_by_recipient,0.63000506
"I'm having a problem with a money transfer.  I sent some money to a friend a couple of hours ago, and they haven't received it yet.  Why hasn't it gotten to them? How long do transfers need to go through?",transfer_not_received_by_recipient,transfer_not_received_by_recipient,0.6898558
I transferred some money but the receiver can't pick it up for some reason.,transfer_not_received_by_recipient,transfer_not_received_by_recipient,0.39803272
Where is the transaction I made to a friend?,transfer_not_received_by_recipient,transfer_not_received_by_recipient,0.59153926
My friend still hasn't gotten a transaction I made.,transfer_not_received_by_recipient,transfer_not_received_by_recipient,0.77694523
Im waiting for my transaction to go through.,transfer_not_received_by_recipient,transfer_not_received_by_recipient,0.60481346
I made a transaction and it is taking a very long time to go through.,transfer_not_received_by_recipient,transfer_not_received_by_recipient,0.5901985
Is there a reason why my transaction is taking so long?,transfer_not_received_by_recipient,transfer_not_received_by_recipient,0.35751233
How long will it take for my transaction to be completed?,transfer_not_received_by_recipient,transfer_not_received_by_recipient,0.58112514
I sent some money and the receiver can't access it.,transfer_not_received_by_recipient,transfer_not_received_by_recipient,0.59392035
I sent my friend some money a few hours ago but she has not received it yet. She really needs it. How long does this take?,transfer_not_received_by_recipient,transfer_not_received_by_recipient,0.6779729
The person I sent money to hasn't gotten it yet!,transfer_not_received_by_recipient,transfer_not_received_by_recipient,0.7215746
When will my funds transfer?,transfer_not_received_by_recipient,transfer_timing,0.6438973
"How long does it take for transfers to finish?  I sent funds to my pal, and she says that she has not gotten anything.",transfer_not_received_by_recipient,transfer_not_received_by_recipient,0.70447856
"How long do transfers need to come through? I sent some money to a friend, she needs it urgently, but seems it's still not there yet after a couple hours.",transfer_not_received_by_recipient,transfer_not_received_by_recipient,0.72420347
How long until my friend receives my transaction?,transfer_not_received_by_recipient,transfer_not_received_by_recipient,0.6848079
Why hasn't my recipient received their money?,transfer_not_received_by_recipient,transfer_not_received_by_recipient,0.68317646
I am still awaiting the completion of the transaction.,transfer_not_received_by_recipient,transfer_not_received_by_recipient,0.6869466
I transferred some money but the recipient is having trouble withdrawing.,transfer_not_received_by_recipient,transfer_not_received_by_recipient,0.47161958
"To add money to my account, what currencies can I use?",supported_cards_and_currencies,supported_cards_and_currencies,0.66695994
"I need support options, I want to top my card",supported_cards_and_currencies,topping_up_by_card,0.19319633
I have 1 other US card.  Can you take that?,supported_cards_and_currencies,supported_cards_and_currencies,0.23132649
What are the cards and currencies that are supported?,supported_cards_and_currencies,supported_cards_and_currencies,0.68399
What currencies are accepted for adding money?,supported_cards_and_currencies,supported_cards_and_currencies,0.7260655
What kind of currencies can I use to add money?,supported_cards_and_currencies,supported_cards_and_currencies,0.6897729
I only own one other credit card from the USA. Will it be accepted?,supported_cards_and_currencies,supported_cards_and_currencies,0.67201215
"If I only have 1 other US card, can you take it?",supported_cards_and_currencies,getting_spare_card,0.21398757
Can I use my American Express to add money to my account?,supported_cards_and_currencies,supported_cards_and_currencies,0.7464732
can you tell me what cards and currencies you take?,supported_cards_and_currencies,supported_cards_and_currencies,0.6573076
Can I use American Express to add money into my account?,supported_cards_and_currencies,supported_cards_and_currencies,0.7495196
Will you accept my other card from the U.S.?,supported_cards_and_currencies,supported_cards_and_currencies,0.4460545
What is accepted in regards to cards and currencies?,supported_cards_and_currencies,supported_cards_and_currencies,0.6659817
Will you accept my other card?,supported_cards_and_currencies,supported_cards_and_currencies,0.20416534
I would like to add money to my account through my American Express.,supported_cards_and_currencies,supported_cards_and_currencies,0.69732076
Which cards do you guys support? I want to top up using my credit card.,supported_cards_and_currencies,supported_cards_and_currencies,0.37399292
What credit cards are supported?,supported_cards_and_currencies,supported_cards_and_currencies,0.6338633
What cards and currencies do you support?,supported_cards_and_currencies,supported_cards_and_currencies,0.6978687
How do I transfer funds from my American Express into my account?,supported_cards_and_currencies,supported_cards_and_currencies,0.6846701
How can I use American Express to add money to my account?,supported_cards_and_currencies,supported_cards_and_currencies,0.7427585
"When adding money, what are the currencies you take?",supported_cards_and_currencies,supported_cards_and_currencies,0.6169933
Which forms of currency are accepted?,supported_cards_and_currencies,fiat_currency_support,0.3864028
Are US credit cards accepted?,supported_cards_and_currencies,supported_cards_and_currencies,0.73326164
"I want to add money but don't know what currencies you accept, can you tell me?",supported_cards_and_currencies,supported_cards_and_currencies,0.6927978
why wouldn't you support american express? its a card i like and use often and i don't want to get a different one,supported_cards_and_currencies,supported_cards_and_currencies,0.65671706
Tell me which cards and what currency is supported.,supported_cards_and_currencies,supported_cards_and_currencies,0.44511142
Do you support all cards and currencies?,supported_cards_and_currencies,supported_cards_and_currencies,0.6656215
Which credit or debit cards can I use to top up?,supported_cards_and_currencies,supported_cards_and_currencies,0.32951128
What options do I have in regards to payment?,supported_cards_and_currencies,card_payment_not_recognised,0.13179685
I just have one other card from the US. Is that okay?,supported_cards_and_currencies,getting_spare_card,0.31285706
What are all the currencies and cards supported to use this?,supported_cards_and_currencies,supported_cards_and_currencies,0.6065293
What cards to do you support to top up.,supported_cards_and_currencies,supported_cards_and_currencies,0.44906726
Do you accept other currencies besides US Dollars?,supported_cards_and_currencies,fiat_currency_support,0.5968085
Can I use any currency to add money?,supported_cards_and_currencies,supported_cards_and_currencies,0.6301205
Is my currency okay to add money with?,supported_cards_and_currencies,fiat_currency_support,0.33982953
What cards and currencies will suffice?,supported_cards_and_currencies,supported_cards_and_currencies,0.62454516
How can I use American Express to add funds to my account?,supported_cards_and_currencies,supported_cards_and_currencies,0.74499017
What cards and currencies are supported?,supported_cards_and_currencies,supported_cards_and_currencies,0.6776343
What currencies or cards do you support for topping up?,supported_cards_and_currencies,supported_cards_and_currencies,0.6801847
Which cards and currencies do you support?,supported_cards_and_currencies,supported_cards_and_currencies,0.68716276
Where can I obtain my virtual card?,getting_virtual_card,getting_virtual_card,0.67389953
How do you get a virtual card?,getting_virtual_card,getting_virtual_card,0.67902964
Where can I find a virtual card?,getting_virtual_card,getting_virtual_card,0.6913963
Is there an option to have a virtual card?,getting_virtual_card,getting_virtual_card,0.65054554
If I don't want a physical card can i get a virtual version?,getting_virtual_card,getting_virtual_card,0.5967033
I requested a virtual card but it is not showing up. Why?,getting_virtual_card,getting_virtual_card,0.6522934
Can you tell me how to order a virtual card?,getting_virtual_card,getting_virtual_card,0.6699461
Where is the virtual card?,getting_virtual_card,getting_virtual_card,0.67920995
what is the virtual card,getting_virtual_card,getting_virtual_card,0.6650419
how do i get a virtual card?,getting_virtual_card,getting_virtual_card,0.6744372
Where do I order a virtual card from?,getting_virtual_card,getting_virtual_card,0.68024945
Why did I not get a virtual card yet?,getting_virtual_card,getting_virtual_card,0.65208775
How can I order virtual cards?,getting_virtual_card,getting_virtual_card,0.5809507
Can you tell me where I can order a virtual card?,getting_virtual_card,getting_virtual_card,0.6718897
Is it possible for me to get a virtual card?,getting_virtual_card,getting_virtual_card,0.65876234
Is this where I order a virtual card?,getting_virtual_card,getting_virtual_card,0.6868426
What are the steps to getting a virtual card?,getting_virtual_card,getting_virtual_card,0.6827421
help me obtain a virtual card,getting_virtual_card,getting_virtual_card,0.6616352
Where is the virtual card located?,getting_virtual_card,getting_virtual_card,0.6715494
Where can I order a virtual card?,getting_virtual_card,getting_virtual_card,0.67584616
Where do I obtain my virtual card?,getting_virtual_card,getting_virtual_card,0.6748574
I want a virtual card!,getting_virtual_card,getting_virtual_card,0.6773569
I want one of those virtual cards!,getting_virtual_card,getting_virtual_card,0.65314925
Are virtual cards available to get?,getting_virtual_card,getting_virtual_card,0.5312369
Can you help me sign up for a virtual card?,getting_virtual_card,getting_virtual_card,0.66534716
Can I get a copy of the card by email?,getting_virtual_card,card_linking,0.20604105
Where do I find the virtual card?,getting_virtual_card,getting_virtual_card,0.6867981
why do i not have a virtual card,getting_virtual_card,getting_virtual_card,0.6593105
How do I order a virtual card?,getting_virtual_card,getting_virtual_card,0.671677
"I thought I was going to get a virtual card but I haven't received it yet, how can we resolve this?",getting_virtual_card,getting_virtual_card,0.6558125
Please help me get a virtual card.,getting_virtual_card,getting_virtual_card,0.67545104
Can I order a virtual card?,getting_virtual_card,getting_virtual_card,0.6622768
Where can I go to get a virtual card?,getting_virtual_card,getting_virtual_card,0.67616946
Where are the virtual cards located?,getting_virtual_card,getting_virtual_card,0.65625685
I would like a virtual card- where can I purchase one?,getting_virtual_card,getting_virtual_card,0.66581935
When should I receive my virtual card?,getting_virtual_card,getting_virtual_card,0.6303463
I need to reorder my virtual card!,getting_virtual_card,getting_virtual_card,0.6159754
Where can I get a virtual card?,getting_virtual_card,getting_virtual_card,0.68199754
Is there a way to obtain a virtual card?,getting_virtual_card,getting_virtual_card,0.6691821
Can I have one of the virtual cards?,getting_virtual_card,getting_virtual_card,0.62303275
Will my card be accepted all over the world?,card_acceptance,country_support,0.37035304
Who accepts this card?,card_acceptance,order_physical_card,0.22769344
Can I use my card for payment all over the world?,card_acceptance,country_support,0.17456606
It will be fine to use at any establishment that accepts Mastercard.,card_acceptance,visa_or_mastercard,0.7648973
Where can the card be used?,card_acceptance,order_physical_card,0.41276577
Can my card be used everywhere?,card_acceptance,order_physical_card,0.23946026
Are there any limits on where I can use my card?,card_acceptance,order_physical_card,0.20535003
What stores can I sue my card?,card_acceptance,declined_card_payment,0.12620546
Can I use my card anywhere I want?,card_acceptance,order_physical_card,0.2073298
Is there anywhere my card will not be accepted?,card_acceptance,declined_card_payment,0.41688564
What are the rules to where I can use my card?,card_acceptance,order_physical_card,0.2652727
Do you know where my card will be accepted?,card_acceptance,card_acceptance,0.18206412
What places can I use my card?,card_acceptance,card_acceptance,0.19298096
Is my card accepted everywhere?,card_acceptance,card_acceptance,0.19478026
What places will accept my card for payment?,card_acceptance,order_physical_card,0.21773101
Does this card work everywhere?,card_acceptance,card_not_working,0.20759034
"

What businesses accept this card?",card_acceptance,card_acceptance,0.21990433
Where can I use my card?,card_acceptance,card_acceptance,0.21577264
Which outlets accept my card?,card_acceptance,card_acceptance,0.17629951
"I am traveling to Germany, Will I be able to use my card there?",card_acceptance,country_support,0.3988599
What stores will take my credit card as payment?,card_acceptance,supported_cards_and_currencies,0.38135093
Is there any place I cannot use my card?,card_acceptance,card_not_working,0.18243356
Will I be able to use my card anywhere?,card_acceptance,order_physical_card,0.23584785
Is my card usable anywhere?,card_acceptance,order_physical_card,0.44522396
Is it acceptable to use my card anywhere?,card_acceptance,card_acceptance,0.22400485
Can I use my card everywhere?,card_acceptance,card_acceptance,0.20605974
Where is my card accepted?,card_acceptance,declined_card_payment,0.19374284
Where can I pay with my debit or credit card?,card_acceptance,supported_cards_and_currencies,0.12818684
Where should my card work?,card_acceptance,card_not_working,0.47734967
areas card is accpeted,card_acceptance,order_physical_card,0.2478446
places i can use the card,card_acceptance,order_physical_card,0.30624768
Can I make online purchases with my card?,card_acceptance,order_physical_card,0.3219827
Does every place of business accept this card?,card_acceptance,order_physical_card,0.2248145
What places will accept my card?,card_acceptance,card_acceptance,0.19057772
Can I use my card anywere?,card_acceptance,order_physical_card,0.23721743
Will any business take this card?,card_acceptance,order_physical_card,0.39554432
Will filling stations accept my card?,card_acceptance,atm_support,0.12127537
Where am I able to use the card?,card_acceptance,order_physical_card,0.23882274
What can I use my card to pay for?,card_acceptance,order_physical_card,0.19031678
Who accepts my card?,card_acceptance,declined_card_payment,0.17020911
My top-up was cancelled; will I receive a refund?,top_up_reverted,top_up_reverted,0.5431306
How do I fix a reverted top up?,top_up_reverted,top_up_reverted,0.75971264
Is it possible to tell if my top up has reverted?,top_up_reverted,top_up_reverted,0.8125887
"My top-up showed as complete, but it's no longer there! What's going on here?",top_up_reverted,pending_top_up,0.5893109
"Hi, i don't know what's going on i've just paid for my top up twice by accident can you help me get a refund please.",top_up_reverted,transaction_charged_twice,0.37321436
It seems my top up is reverted?,top_up_reverted,top_up_reverted,0.80844
The app wouldn't accept my top up.,top_up_reverted,top_up_failed,0.5778539
"I topped up my account and even though it was confirmed at first, the money isn't there anymore! why did this happen, and where did my money go?",top_up_reverted,top_up_reverted,0.6045799
"I believe my money did not go through with my top up, was there a problem on your end?",top_up_reverted,top_up_failed,0.4638813
"My top-up was reverted, why did this happen?",top_up_reverted,top_up_reverted,0.8070011
I put money into my account for the minimum balance but the application didn't accept.,top_up_reverted,pending_cash_withdrawal,0.1389612
Can you tell me if my top-up has been cancelled?,top_up_reverted,top_up_reverted,0.80789053
I got topped up but the application reverted it.,top_up_reverted,top_up_reverted,0.7964009
Why would my top up be cancelled?,top_up_reverted,top_up_reverted,0.8067719
There appears to have been a reversion in my top up,top_up_reverted,top_up_reverted,0.65562963
The application reverted my top-up.,top_up_reverted,top_up_reverted,0.8056957
I think my top-up was cancelled.,top_up_reverted,top_up_reverted,0.79526955
I believed crypto top up with something you offered. This does not seem to be working. The money has been removed from my account though so what's going on?,top_up_reverted,top_up_reverted,0.7106742
I topped up but the app reverted it,top_up_reverted,top_up_reverted,0.7895524
I went to top up and it is no longer there.  Was it sent back?,top_up_reverted,top_up_reverted,0.51372325
What happened to my top-up?,top_up_reverted,pending_top_up,0.32962018
Can you tell me why my top up was reverted?,top_up_reverted,top_up_reverted,0.802786
For what reason would a top up be reverted and returned to my account?,top_up_reverted,top_up_reverted,0.8099801
"When I topped up, the app reverted my funds.",top_up_reverted,top_up_reverted,0.78876805
What happened to where my top-up was canceled?,top_up_reverted,top_up_reverted,0.7729668
I tryed to make a top-up with cryptocurrency but the payment was referted.,top_up_reverted,top_up_failed,0.20289648
The app reverted my top off.,top_up_reverted,top_up_reverted,0.80546105
The app reverted my action when I topped up.,top_up_reverted,top_up_reverted,0.78443426
Was my top up reversed?,top_up_reverted,top_up_reverted,0.7849921
"I see my top-up was canceled, but why?",top_up_reverted,top_up_reverted,0.7921434
Do you know if my top-up has been cancelled?,top_up_reverted,top_up_reverted,0.8071885
has my top-up has been cancelled,top_up_reverted,top_up_reverted,0.79828537
My top-up was revoked.,top_up_reverted,top_up_reverted,0.7666359
Causes of top-up cancellation,top_up_reverted,top_up_reverted,0.69927895
The app reverted what I topped up.,top_up_reverted,top_up_reverted,0.7899824
Has my top up been reverted?,top_up_reverted,top_up_reverted,0.8004342
Im very upset as my top-up was canceled and I have no idea why.,top_up_reverted,top_up_reverted,0.77124405
My top-up has been cancelled.,top_up_reverted,top_up_reverted,0.7984506
On my last transaction it seem that my top-up was not successful.,top_up_reverted,top_up_failed,0.6072075
I'd like to know why my top-up was canceled please.,top_up_reverted,top_up_reverted,0.7819166
I tried making an update to my balance using cheque just yesterday but it doesn't appear to have worked. Should this not be a faster process? I need you to please check over my account because something has went wrong.,balance_not_updated_after_cheque_or_cash_deposit,balance_not_updated_after_cheque_or_cash_deposit,0.9053581
How come I don't see my deposit in my account yet?,balance_not_updated_after_cheque_or_cash_deposit,balance_not_updated_after_cheque_or_cash_deposit,0.9016836
Is there a reason why my account isn't updating because I used a check to  balance my account?,balance_not_updated_after_cheque_or_cash_deposit,balance_not_updated_after_cheque_or_cash_deposit,0.7773244
"I don't know why the deposit I made a week ago still hasn't showed up, I really need the money now.",balance_not_updated_after_cheque_or_cash_deposit,balance_not_updated_after_cheque_or_cash_deposit,0.91423666
I made a cash deposit almost a week ago but it's still not there!! please sort this out asap I need the money,balance_not_updated_after_cheque_or_cash_deposit,balance_not_updated_after_cheque_or_cash_deposit,0.9178281
Where is my cash deposit?,balance_not_updated_after_cheque_or_cash_deposit,balance_not_updated_after_cheque_or_cash_deposit,0.9025508
How can I get the cash deposit to show up on my account?,balance_not_updated_after_cheque_or_cash_deposit,balance_not_updated_after_cheque_or_cash_deposit,0.89319235
When will I see the cash I deposited this morning as available?,balance_not_updated_after_cheque_or_cash_deposit,balance_not_updated_after_cheque_or_cash_deposit,0.8962176
cash from this morning has not deposited,balance_not_updated_after_cheque_or_cash_deposit,balance_not_updated_after_cheque_or_cash_deposit,0.90734285
Where is the cash from my cheque I recently deposited?,balance_not_updated_after_cheque_or_cash_deposit,balance_not_updated_after_cheque_or_cash_deposit,0.9161904
Cash deposit to my account but it has not appeared.,balance_not_updated_after_cheque_or_cash_deposit,balance_not_updated_after_cheque_or_cash_deposit,0.91999316
"When I deposit cheques and cash, my balance does not update.",balance_not_updated_after_cheque_or_cash_deposit,balance_not_updated_after_cheque_or_cash_deposit,0.9029129
I made a deposit this morning but it is still pending?,balance_not_updated_after_cheque_or_cash_deposit,balance_not_updated_after_cheque_or_cash_deposit,0.7580273
cash deposit to my account has shown a red flag.,balance_not_updated_after_cheque_or_cash_deposit,balance_not_updated_after_cheque_or_cash_deposit,0.8572842
I have paid money into my account but it doesn't show.,balance_not_updated_after_cheque_or_cash_deposit,card_payment_not_recognised,0.37123454
The balance on my account wasn't updated after I made a depost.,balance_not_updated_after_cheque_or_cash_deposit,balance_not_updated_after_cheque_or_cash_deposit,0.37816268
Are cheques accepted to my account? Mine didn't seem to work.,balance_not_updated_after_cheque_or_cash_deposit,balance_not_updated_after_cheque_or_cash_deposit,0.7915888
I deposited a check but my balance is still the same.,balance_not_updated_after_cheque_or_cash_deposit,balance_not_updated_after_cheque_or_cash_deposit,0.9140497
IM still waiting for my account to update from a cash deposit?,balance_not_updated_after_cheque_or_cash_deposit,balance_not_updated_after_cheque_or_cash_deposit,0.8934914
"I Submitted a cheque couple days ago, nothing happened to my account yet.Would you please check What could be the possible issue?",balance_not_updated_after_cheque_or_cash_deposit,balance_not_updated_after_cheque_or_cash_deposit,0.9016192
Where is my deposit?,balance_not_updated_after_cheque_or_cash_deposit,balance_not_updated_after_cheque_or_cash_deposit,0.8958944
My bank statement doesn't show the cash deposit I made recently.,balance_not_updated_after_cheque_or_cash_deposit,balance_not_updated_after_cheque_or_cash_deposit,0.9078352
My cash deposit from a week ago hasn't shown up. I need the money - how quickly can you sort this out?,balance_not_updated_after_cheque_or_cash_deposit,balance_not_updated_after_cheque_or_cash_deposit,0.9136352
Why didn't my balance update after my cash or checque deposit?,balance_not_updated_after_cheque_or_cash_deposit,balance_not_updated_after_cheque_or_cash_deposit,0.91993415
Why is the cash deposit not showing up in my account?,balance_not_updated_after_cheque_or_cash_deposit,balance_not_updated_after_cheque_or_cash_deposit,0.92525625
I made a deposit of cash and check that has not been added to my balance.,balance_not_updated_after_cheque_or_cash_deposit,balance_not_updated_after_cheque_or_cash_deposit,0.8825205
Why hasn't my balance increased after depositing a check?,balance_not_updated_after_cheque_or_cash_deposit,balance_not_updated_after_cheque_or_cash_deposit,0.87191075
Why does my account not accept cash deposits?,balance_not_updated_after_cheque_or_cash_deposit,cash_withdrawal_not_recognised,0.45329773
What happened to the cash that I tried to deposit into my account? It's gone!,balance_not_updated_after_cheque_or_cash_deposit,balance_not_updated_after_cheque_or_cash_deposit,0.7094147
"I had a cheque deposited, but I still haven't seen the cash.",balance_not_updated_after_cheque_or_cash_deposit,balance_not_updated_after_cheque_or_cash_deposit,0.91836554
"A cheque deposit hasn't posted to my account, when will my balance update?",balance_not_updated_after_cheque_or_cash_deposit,balance_not_updated_after_cheque_or_cash_deposit,0.92232513
I submitted a cash deposit to my account but it hasn't posted yet.,balance_not_updated_after_cheque_or_cash_deposit,balance_not_updated_after_cheque_or_cash_deposit,0.8986677
I sent a cheque  a few days ago and nothing has happened to my account yet. Can you please check on this for me?,balance_not_updated_after_cheque_or_cash_deposit,balance_not_updated_after_cheque_or_cash_deposit,0.8974551
Has the check I deposited cleared to I can get the cash?,balance_not_updated_after_cheque_or_cash_deposit,balance_not_updated_after_cheque_or_cash_deposit,0.85270756
How long does it take to process cheque deposits?,balance_not_updated_after_cheque_or_cash_deposit,balance_not_updated_after_cheque_or_cash_deposit,0.84095454
How come my cash deposit is not showing up. This can't be right. There must be some mistake. Where did my cash go. You better not have lost it as I need this money asap.,balance_not_updated_after_cheque_or_cash_deposit,balance_not_updated_after_cheque_or_cash_deposit,0.78008556
I deposited cash this morning and I am still waiting,balance_not_updated_after_cheque_or_cash_deposit,balance_not_updated_after_cheque_or_cash_deposit,0.9118979
Balance hasn't been updated following a cheque or cash deposit,balance_not_updated_after_cheque_or_cash_deposit,balance_not_updated_after_cheque_or_cash_deposit,0.9157092
I tired to deposit some cash into my account but it's not there,balance_not_updated_after_cheque_or_cash_deposit,balance_not_updated_after_cheque_or_cash_deposit,0.7630573
"I sent you a cheque couple days ago, nothing happened to my account yet! This is unacceptable, where is my money??",balance_not_updated_after_cheque_or_cash_deposit,balance_not_updated_after_cheque_or_cash_deposit,0.9064784
I have a strange payment in my statement,card_payment_not_recognised,card_payment_not_recognised,0.85992706
There is a charge on my card that I did not make,card_payment_not_recognised,card_payment_not_recognised,0.5069613
I saw a payment i did not do,card_payment_not_recognised,card_payment_not_recognised,0.83049554
There is a payment that is not mine in the app.  Please advise/,card_payment_not_recognised,card_payment_not_recognised,0.8694011
An unauthorized payment is in my app,card_payment_not_recognised,card_payment_not_recognised,0.7240205
I did not make this card payment.,card_payment_not_recognised,card_payment_not_recognised,0.6668392
What should I do if I see a payment I didn't make?,card_payment_not_recognised,card_payment_not_recognised,0.8458491
I found an unauthorized card payment,card_payment_not_recognised,card_payment_not_recognised,0.6146913
there is a transaction on my account that i didnt make,card_payment_not_recognised,card_payment_not_recognised,0.45410135
I don't recall making that payment?,card_payment_not_recognised,card_payment_not_recognised,0.8285714
There are some payments with my card that I don't know where they are coming from. Just checked today and it's been since a couple days as well! What to I do? Can I revert this retrospectively? My card needs to be frozen immediately as well!,card_payment_not_recognised,reverted_card_payment?,0.647181
Has someone accessed my card there are payments I did not make that are showing up on the app.,card_payment_not_recognised,card_payment_not_recognised,0.8515989
There are some strange charges on my card that I didn't make from a few days ago.  Is my card stolen and if so should I cancel it?  Will I get refunded the charges?,card_payment_not_recognised,card_payment_not_recognised,0.19598277
Why would there be a payment on my account I don't recognize?,card_payment_not_recognised,card_payment_not_recognised,0.8401528
I have a payment I didn't do,card_payment_not_recognised,card_payment_not_recognised,0.8351478
There is a payment that is not mine.,card_payment_not_recognised,card_payment_not_recognised,0.85692775
Can you freeze my account?  I just saw there are transactions on my account that I don't recognize.  How can I fix this?,card_payment_not_recognised,compromised_card,0.3480576
There is a card payment I do not recognise.,card_payment_not_recognised,card_payment_not_recognised,0.8626582
I don't recognise a card payment,card_payment_not_recognised,card_payment_not_recognised,0.861027
Payment i did not do,card_payment_not_recognised,card_payment_not_recognised,0.7022804
"Please put a freeze on my card,  I am worried there has been some payments on it and I don't know what for.",card_payment_not_recognised,card_payment_not_recognised,0.7271111
I think my statement has a fraudulent charge,card_payment_not_recognised,card_payment_not_recognised,0.27046996
"I'm concerned about a payment that has recently been made on my card.  I do not recognize the name that the transaction went to, can you help me?",card_payment_not_recognised,card_payment_not_recognised,0.7944986
What should I do to get transactions off of my account if I didn't make them?  My card must have been compromised and I need to freeze it asap!,card_payment_not_recognised,compromised_card,0.3116928
I have a payment listed in error.,card_payment_not_recognised,card_payment_not_recognised,0.5795463
What can I do about some payments on my card I didn't make.  Please put a freeze on my card till we can figure this out.,card_payment_not_recognised,card_payment_not_recognised,0.7951144
I'm not familiar with a card payment.,card_payment_not_recognised,card_payment_not_recognised,0.779327
I have an unauthorized transaction on my statement,card_payment_not_recognised,card_payment_not_recognised,0.24917457
There is a payment in the App that is not mine.,card_payment_not_recognised,card_payment_not_recognised,0.86978805
I don't know where this transaction came from?,card_payment_not_recognised,transfer_not_received_by_recipient,0.27554905
I see a charge on my account that I don't recall making. I feel like my account may have been compromised.,card_payment_not_recognised,card_payment_not_recognised,0.33966157
"I know I didn't make this payment showing up on my card, I don't remember this person at all.",card_payment_not_recognised,card_payment_not_recognised,0.8249866
Somebody used my card to make a purchase,card_payment_not_recognised,card_payment_not_recognised,0.24272145
There's a recent charge on my card that I know I didn't make because I've never seen the name before. Can we investigate this?,card_payment_not_recognised,card_payment_not_recognised,0.3990838
Some of my card payments look different than where I purchased products from. Why is that?,card_payment_not_recognised,card_payment_not_recognised,0.49264008
There is a strange payment on my statement. What should I do?,card_payment_not_recognised,card_payment_not_recognised,0.839452
I think there has been a purchase made that wasn't by me.,card_payment_not_recognised,card_payment_not_recognised,0.2729193
There is a fraudulent charge on my statement.,card_payment_not_recognised,card_payment_not_recognised,0.3675742
What is the payment in my account that I did not do?,card_payment_not_recognised,card_payment_not_recognised,0.81302416
In my statement there is a payment that is I do not recognize,card_payment_not_recognised,card_payment_not_recognised,0.8609355
"I no longer live at my address on file, how do I change it?",edit_personal_details,edit_personal_details,0.8420179
How to change my address.,edit_personal_details,edit_personal_details,0.884594
How do I update my details?,edit_personal_details,edit_personal_details,0.8357274
My address needs to be revised.,edit_personal_details,edit_personal_details,0.82502073
"got married, need to change account name",edit_personal_details,edit_personal_details,0.8155097
My address has changed.,edit_personal_details,edit_personal_details,0.8562926
got married and need to change name,edit_personal_details,edit_personal_details,0.82017887
I want to change my personal details.,edit_personal_details,edit_personal_details,0.8875302
I moved.  I need to update my details.,edit_personal_details,edit_personal_details,0.84799284
I need to edit the personal details section of my account,edit_personal_details,edit_personal_details,0.8419393
Where can I change my personal information after I move?,edit_personal_details,edit_personal_details,0.86253434
Where can I go to modify my detail?,edit_personal_details,edit_personal_details,0.8138077
How do I change my information?,edit_personal_details,edit_personal_details,0.86715657
I need to change my account details,edit_personal_details,edit_personal_details,0.8706281
I moved.  Where do I update my details?,edit_personal_details,edit_personal_details,0.8289078
I relocated and need to change my personal details.,edit_personal_details,edit_personal_details,0.8688574
I need to update my personal details,edit_personal_details,edit_personal_details,0.86172116
My address has changed. How do I report it?,edit_personal_details,edit_personal_details,0.87206405
I need to update my info.,edit_personal_details,edit_personal_details,0.68836933
How can I modify my details?,edit_personal_details,edit_personal_details,0.8687362
What do i have to do to change my name?,edit_personal_details,edit_personal_details,0.8585954
My address has updated and I need to change it.,edit_personal_details,edit_personal_details,0.87888414
Where can I go to update my personal profile?,edit_personal_details,edit_personal_details,0.7884795
Is it possible to edit my personal details on the app?,edit_personal_details,edit_personal_details,0.8606699
how can i change my details,edit_personal_details,edit_personal_details,0.88438535
I need help changing my last name on my account.,edit_personal_details,edit_personal_details,0.8455034
How do I update my current residence details?,edit_personal_details,edit_personal_details,0.6621734
how do i change name?,edit_personal_details,edit_personal_details,0.8630131
I need to change my name since I got married,edit_personal_details,edit_personal_details,0.85842
I want to change my address.,edit_personal_details,edit_personal_details,0.88692796
how to change name,edit_personal_details,edit_personal_details,0.8496846
Can I change my information?,edit_personal_details,edit_personal_details,0.86648655
I need to update my current address,edit_personal_details,edit_personal_details,0.8627555
I have moved.  Where can I update my details?,edit_personal_details,edit_personal_details,0.8235185
I want to change my name.,edit_personal_details,edit_personal_details,0.8598628
Should I just wait until the post office sends a change of address form?,edit_personal_details,edit_personal_details,0.69191325
I need to change my name what do I do?,edit_personal_details,edit_personal_details,0.85437
How can I edit my personal details?,edit_personal_details,edit_personal_details,0.87720335
How do I change my address?,edit_personal_details,edit_personal_details,0.8860809
What do I need to do to change the address on my account?,edit_personal_details,edit_personal_details,0.88091266
Why do you require so many details about my identity?,why_verify_identity,why_verify_identity,0.41086903
I'd rather not verify my identity.,why_verify_identity,why_verify_identity,0.3597629
do I need to verify my identity every time I log into my account?,why_verify_identity,verify_my_identity,0.41262197
Why am I required to verify my identity?,why_verify_identity,verify_my_identity,0.40979308
Can I make transfers before identity verification?,why_verify_identity,verify_my_identity,0.42289376
What is the need to verify my identity?,why_verify_identity,verify_my_identity,0.47814807
Do I have to do the identity check?,why_verify_identity,verify_my_identity,0.4649773
Can I use my account without verifying my identity?,why_verify_identity,verify_my_identity,0.36666438
Why is identity verification mandatory?,why_verify_identity,verify_my_identity,0.4173483
Do I have to do an identity check?,why_verify_identity,verify_my_identity,0.47807696
I would like to not have to do the identity verification.,why_verify_identity,verify_my_identity,0.38442993
"Can I still use my account, even though the identity verification has not passed yet?",why_verify_identity,why_verify_identity,0.41798505
Why do you require all my identity details?,why_verify_identity,why_verify_identity,0.41380084
Why do you need so much information to verify my identity?,why_verify_identity,verify_my_identity,0.39456785
What is the purpose for the identity check,why_verify_identity,verify_my_identity,0.48647964
I don't like that I have to fill out so much information about my identity.,why_verify_identity,why_verify_identity,0.37962443
What is the point of an identity check?,why_verify_identity,verify_my_identity,0.4973005
How come you need to know my identity?,why_verify_identity,why_verify_identity,0.3513073
"May I use my account now, even though the identity verification has not gone through yet?",why_verify_identity,why_verify_identity,0.41370368
Do I need to verify my identity to use my account?,why_verify_identity,verify_my_identity,0.4498229
Why am I required to do an identity check?,why_verify_identity,verify_my_identity,0.4193537
Why am I being asked to have an identity check,why_verify_identity,why_verify_identity,0.38070685
Can i make transactions before identity verification is complete?,why_verify_identity,verify_my_identity,0.41259146
Do I really need to verify my identity?,why_verify_identity,verify_my_identity,0.4819731
Why do I have to give you all of my identification details?,why_verify_identity,why_verify_identity,0.37141103
Why do you require so many identity details?,why_verify_identity,why_verify_identity,0.38385156
"Since my id hasn't been verified, when can I use my account?",why_verify_identity,unable_to_verify_identity,0.49896064
I won't verify my identity.,why_verify_identity,why_verify_identity,0.34084252
I want to skip verification of my identity.,why_verify_identity,why_verify_identity,0.36434144
I do not wish to verify my identity.,why_verify_identity,why_verify_identity,0.34893104
Why do I have to verify my identity?,why_verify_identity,verify_my_identity,0.41353518
what is the identity check?,why_verify_identity,verify_my_identity,0.48044252
What other methods are there to verify my identity?,why_verify_identity,verify_my_identity,0.4846314
Do I need to verify my identity?,why_verify_identity,verify_my_identity,0.48991016
Do I need to verify my identity each time I wish to use my account?,why_verify_identity,verify_my_identity,0.41205907
Can I use my account if the identity verification is not complete?,why_verify_identity,why_verify_identity,0.3950612
Why is it asking me to verify my identity,why_verify_identity,verify_my_identity,0.37262198
Do I have to verify my identity?,why_verify_identity,verify_my_identity,0.47532505
Why do you need to know so much about me,why_verify_identity,why_verify_identity,0.3273335
Why did I need to verfiy my identity?,why_verify_identity,why_verify_identity,0.35528296
I cannot verify my identity,unable_to_verify_identity,why_verify_identity,0.35677084
I do not have what is required to prove my identity,unable_to_verify_identity,why_verify_identity,0.32886475
Why doesn't the app believe I am who I say I am?,unable_to_verify_identity,unable_to_verify_identity,0.45589653
I am having trouble verifying my identity.,unable_to_verify_identity,why_verify_identity,0.3497532
what do i do if my verification failed,unable_to_verify_identity,unable_to_verify_identity,0.33317336
It is impossible to verify my identity,unable_to_verify_identity,why_verify_identity,0.35974237
The app doesn't know it's me.,unable_to_verify_identity,unable_to_verify_identity,0.4604287
I'm having trouble verifying my ID.,unable_to_verify_identity,unable_to_verify_identity,0.50831
app does not recognize me,unable_to_verify_identity,unable_to_verify_identity,0.47055435
Help my verify my id.,unable_to_verify_identity,unable_to_verify_identity,0.4062752
The app failed to verify my identity.,unable_to_verify_identity,unable_to_verify_identity,0.38068518
I can't verify my ID.,unable_to_verify_identity,unable_to_verify_identity,0.5126825
I can't prove my identity.,unable_to_verify_identity,unable_to_verify_identity,0.49326694
I am not being recognized by the app.,unable_to_verify_identity,unable_to_verify_identity,0.33622456
Why isn't my ID being verified?,unable_to_verify_identity,unable_to_verify_identity,0.5454748
The app will not let me into my account.,unable_to_verify_identity,terminate_account,0.29822966
I am having trouble proving my identity.,unable_to_verify_identity,unable_to_verify_identity,0.49351743
I cannot prove my own identity.,unable_to_verify_identity,unable_to_verify_identity,0.34874046
My ID won't be verified!,unable_to_verify_identity,unable_to_verify_identity,0.54858714
I can not get the app to know it is me.,unable_to_verify_identity,unable_to_verify_identity,0.45286712
I can't verify my identity.,unable_to_verify_identity,why_verify_identity,0.35129943
The app doesn't recognize me.,unable_to_verify_identity,unable_to_verify_identity,0.4493063
I am having difficulties to verify my identity.,unable_to_verify_identity,why_verify_identity,0.35304427
The app doesn't believe that I am me,unable_to_verify_identity,unable_to_verify_identity,0.4843278
What's with not verifying my Id?,unable_to_verify_identity,unable_to_verify_identity,0.44694263
What do i need to verify my id?,unable_to_verify_identity,verify_my_identity,0.29718706
"I tried verifying my ID, but it won't let me.",unable_to_verify_identity,unable_to_verify_identity,0.5323758
How do I show this stupid system that this is really my identity?,unable_to_verify_identity,why_verify_identity,0.35036767
I am experiencing difficulty providing my identity.,unable_to_verify_identity,unable_to_verify_identity,0.34793547
I a having trouble proving my identity,unable_to_verify_identity,unable_to_verify_identity,0.48622796
How long will it take for my ID to verify?,unable_to_verify_identity,unable_to_verify_identity,0.38695773
Why am I not able to verify my id?,unable_to_verify_identity,unable_to_verify_identity,0.47414127
It doesn't let me verify my identity.,unable_to_verify_identity,why_verify_identity,0.33987573
app doesnt think its me,unable_to_verify_identity,unable_to_verify_identity,0.3341243
Why am I having trouble verifying my id?,unable_to_verify_identity,unable_to_verify_identity,0.46892828
I am having issues with identity verification,unable_to_verify_identity,why_verify_identity,0.37162688
The app won't let me log in as myself.,unable_to_verify_identity,passcode_forgotten,0.16948639
Why can't I verify my identity?,unable_to_verify_identity,why_verify_identity,0.36511293
Why can't I verify my id?,unable_to_verify_identity,unable_to_verify_identity,0.47422656
for some reason I am having a problem with verifying my identity.,unable_to_verify_identity,why_verify_identity,0.35669222
What do I do with my card PIN?,get_physical_card,get_physical_card,0.73209506
Is the PIN delivered separately?,get_physical_card,get_physical_card,0.7311813
I do not have my pin,get_physical_card,get_physical_card,0.7395414
Are PIN separately?,get_physical_card,get_physical_card,0.7200494
I cannot seem to find my PIN. Where is it?,get_physical_card,get_physical_card,0.72778076
How do I set-up my PIN for the new card?,get_physical_card,get_physical_card,0.6098899
How do I find my card PIN?,get_physical_card,get_physical_card,0.7751821
is my card PIN saved in the app,get_physical_card,get_physical_card,0.53700143
I don't know where to look to find my PIN.,get_physical_card,get_physical_card,0.7567093
where in the app can i find out about my new pin,get_physical_card,get_physical_card,0.5210762
Where in the app can I find my PIN?,get_physical_card,get_physical_card,0.75667393
I just got my new card but am not sure how to check its PIN.,get_physical_card,get_physical_card,0.6064759
do i need a pin,get_physical_card,get_physical_card,0.6583969
"If I need a PIN for my card, where is it located?",get_physical_card,get_physical_card,0.7462127
what is my card PIN,get_physical_card,get_physical_card,0.76553637
And what about the Card's PIN?,get_physical_card,get_physical_card,0.7611163
About this card PIN?,get_physical_card,get_physical_card,0.76571184
I received my card but not my PIN.,get_physical_card,get_physical_card,0.7160167
Why can't I see my PIN?,get_physical_card,get_physical_card,0.71268564
what is the process for setting up a pin,get_physical_card,get_physical_card,0.6363517
Does my PIN come with my card?,get_physical_card,get_physical_card,0.74790865
Where can I find the card PIN?,get_physical_card,get_physical_card,0.77735996
Why isn't my PIN available yet?,get_physical_card,get_physical_card,0.7205073
Is my PIN located on my account somewhere?,get_physical_card,get_physical_card,0.7185503
"Please help in finding my card PIN, thank you!",get_physical_card,get_physical_card,0.76408017
Where is my PIN number located?,get_physical_card,get_physical_card,0.7378643
I still don't have my pin.,get_physical_card,get_physical_card,0.71734
So what about the card PIN?,get_physical_card,get_physical_card,0.7652409
I cannot locate the card PIN.,get_physical_card,get_physical_card,0.746164
I need my PIN,get_physical_card,get_physical_card,0.72459656
Where can I find my PIN?,get_physical_card,get_physical_card,0.7667555
When do I receive my PIN,get_physical_card,get_physical_card,0.716685
Help me find my card pin!,get_physical_card,get_physical_card,0.76371473
Is PIN delivered separately?,get_physical_card,get_physical_card,0.7359466
I can not find my card pin.,get_physical_card,get_physical_card,0.7528134
What do I need to do for a PIN?,get_physical_card,get_physical_card,0.6695961
Why can't I find my PIN?,get_physical_card,get_physical_card,0.7084825
Where is the card PIN?,get_physical_card,get_physical_card,0.78039986
What is my card's PIN?,get_physical_card,get_physical_card,0.76785237
where can user find pin?,get_physical_card,get_physical_card,0.7360634
I like to Mastercard rather than Visa.,visa_or_mastercard,visa_or_mastercard,0.91782236
Do I qualify for a visa card?,visa_or_mastercard,visa_or_mastercard,0.9170369
How do I get a visa card?,visa_or_mastercard,visa_or_mastercard,0.91848236
Do you guys accept Visa or Mastercard?,visa_or_mastercard,visa_or_mastercard,0.9227554
Are both Visa and Mastercard accepted?,visa_or_mastercard,visa_or_mastercard,0.92038804
Do you guys accept mastercard or visa?,visa_or_mastercard,visa_or_mastercard,0.9221175
Are both Visa and Mastercard offered?,visa_or_mastercard,visa_or_mastercard,0.9185417
Can you give me a visa?,visa_or_mastercard,visa_or_mastercard,0.8984647
How to decide if I get a Visa or Mastercard?,visa_or_mastercard,visa_or_mastercard,0.9229731
Can I get a mastercard?,visa_or_mastercard,visa_or_mastercard,0.8556456
What steps must I follow to get a Visa credit card?,visa_or_mastercard,visa_or_mastercard,0.892571
I'd rather get a Mastercard,visa_or_mastercard,visa_or_mastercard,0.88787025
Do I get a choice between Visa and Mastercard?,visa_or_mastercard,visa_or_mastercard,0.92032796
What do I have to do to get a Visa credit card?,visa_or_mastercard,visa_or_mastercard,0.8956467
I would prefer a visa card,visa_or_mastercard,visa_or_mastercard,0.91363996
May I choose between Visa and Mastercard?,visa_or_mastercard,visa_or_mastercard,0.92094654
Am I allowed to use any card to make a payment?,visa_or_mastercard,order_physical_card,0.20251845
What are the available cards?,visa_or_mastercard,order_physical_card,0.5858852
I want to get Visa and Mastercard,visa_or_mastercard,visa_or_mastercard,0.9213819
Am I able to choose my card?,visa_or_mastercard,order_physical_card,0.42405775
are both visa and mastercard available to me?,visa_or_mastercard,visa_or_mastercard,0.92138594
Do you do Visa or Mastercard?,visa_or_mastercard,visa_or_mastercard,0.9221181
How do I select a Mastercard instead of a Visa?,visa_or_mastercard,visa_or_mastercard,0.9213874
I would like to apply for a visa card.,visa_or_mastercard,visa_or_mastercard,0.9159168
Do I get to choose between Visa and Mastercard?,visa_or_mastercard,visa_or_mastercard,0.92219484
We need both a visa and a Mastercard.,visa_or_mastercard,visa_or_mastercard,0.91998637
Hello. Can you tell me if you use Visa or Mastercard?,visa_or_mastercard,visa_or_mastercard,0.9180908
I'd like more information about choosing a Visa or Mastercard.,visa_or_mastercard,visa_or_mastercard,0.9211065
Do you have Visa or Matercard?,visa_or_mastercard,visa_or_mastercard,0.9099725
Is it possible to have both a Visa and a Mastercard from you?,visa_or_mastercard,visa_or_mastercard,0.9229805
I like Mastercard better.,visa_or_mastercard,visa_or_mastercard,0.8590436
Do you offer Visa or Mastercard?,visa_or_mastercard,visa_or_mastercard,0.9215082
I would rather the Mastercard.,visa_or_mastercard,visa_or_mastercard,0.88004375
Please give me both a visa and a master card.,visa_or_mastercard,visa_or_mastercard,0.9182365
Is it possible to receive a Visa and a MasterCard?,visa_or_mastercard,visa_or_mastercard,0.92018664
What major card payments are accepted?,visa_or_mastercard,declined_card_payment,0.15253691
Is Visa or Mastercard available?,visa_or_mastercard,visa_or_mastercard,0.9181801
Can you let me know if Visa is among the card scheme assignments?,visa_or_mastercard,visa_or_mastercard,0.90376437
Do you use Mastercard or Visa?,visa_or_mastercard,visa_or_mastercard,0.9206323
Is it possible to get a Visa here?,visa_or_mastercard,visa_or_mastercard,0.896845
How can I top up my account with a card?,topping_up_by_card,topping_up_by_card,0.5748905
WHERE IS MY MONEY I WAS USING MY CARD AND IT DISAPPEARED,topping_up_by_card,cash_withdrawal_not_recognised,0.39324975
How can I top up by card?,topping_up_by_card,topping_up_by_card,0.35502622
What is the process for using my credit card to transfer money?,topping_up_by_card,topping_up_by_card,0.5830038
How do I top up my card using your app? I'm new to this.,topping_up_by_card,topping_up_by_card,0.51950485
Can friends add to my account,topping_up_by_card,topping_up_by_card,0.19866928
Can I top up using my car?,topping_up_by_card,topping_up_by_card,0.41795906
Why can't I see my topup in my wallet anymore?,topping_up_by_card,topping_up_by_card,0.41725963
Use credit card to transfer money,topping_up_by_card,topping_up_by_card,0.52787536
How do my friends top up my account,topping_up_by_card,topping_up_by_card,0.590282
"I followed the instructions to transfer money using my card, but then the money disappeared and I don't know what happened.",topping_up_by_card,transfer_not_received_by_recipient,0.14634377
Where's the money that got charged to my card? It's not showing up in my account balance,topping_up_by_card,card_payment_fee_charged,0.3204363
how can i top up?,topping_up_by_card,top_up_limits,0.30066743
"I am missing some funds from my account - I tried to transfer them using my credit card number, and it disappeared.",topping_up_by_card,topping_up_by_card,0.1607567
I have friends that would like to top-up my account is that possible?,topping_up_by_card,topping_up_by_card,0.5452512
How do I transfer money using a credit card?,topping_up_by_card,topping_up_by_card,0.5209614
Can I give my friends access to my account so they can top it up for me?,topping_up_by_card,topping_up_by_card,0.50509375
"I did a top-up, but I'm not seeing it in my wallet yet.",topping_up_by_card,pending_top_up,0.24213673
"i know i entered the right info, but my top up isn't in my balance",topping_up_by_card,pending_top_up,0.3146023
Will my friend be able to top off my account?,topping_up_by_card,topping_up_by_card,0.5613798
Is there a way to transfer funds directly from my card?,topping_up_by_card,transfer_into_account,0.23699445
Why isn't my top up showing on my wallet?,topping_up_by_card,topping_up_by_card,0.3325404
"I tried to top up using my card, but now the money just disappeared!",topping_up_by_card,top_up_reverted,0.3767406
Help me transfer money to my credit card.,topping_up_by_card,topping_up_by_card,0.55240685
I tried to use my card to top up but all of the money has disappeared.,topping_up_by_card,topping_up_by_card,0.34615064
Is it possible to use my credit card to transfer money?,topping_up_by_card,topping_up_by_card,0.5697089
How can someone add money to my account?,topping_up_by_card,topping_up_by_card,0.29811153
Cannot access my top up.,topping_up_by_card,top_up_failed,0.29298738
Are my friends able to add funds to my account?,topping_up_by_card,topping_up_by_card,0.28663898
Can I transfer money to my credit card?,topping_up_by_card,topping_up_by_card,0.5408082
Who else can top up my account,topping_up_by_card,topping_up_by_card,0.52227604
Why is my money gone right when I attempted to top up,topping_up_by_card,top_up_reverted,0.39306358
How do i transfer money using my credit card?,topping_up_by_card,topping_up_by_card,0.59023243
My friends want to top up my account,topping_up_by_card,topping_up_by_card,0.57407224
Who can top up my accounts?,topping_up_by_card,topping_up_by_card,0.39695796
show me how to top up with my card,topping_up_by_card,topping_up_by_card,0.5005845
I topped up my card but the money disappeared.,topping_up_by_card,top_up_reverted,0.5453434
Why don't I see my top up in my wallet?,topping_up_by_card,topping_up_by_card,0.5364031
Why can't I see the top-up amount I just added to my account?,topping_up_by_card,top_up_reverted,0.4457902
Are my friends able to top up my account?,topping_up_by_card,topping_up_by_card,0.57040834
How can i get multiple disposble cards.,disposable_card_limits,disposable_card_limits,0.6158317
Can I make many disposable cards per day?,disposable_card_limits,disposable_card_limits,0.68735373
"I need to use my disposable card multiple times a day, is there a cutoff limit?",disposable_card_limits,disposable_card_limits,0.67811126
How do I make more than one disposable card in a day?,disposable_card_limits,disposable_card_limits,0.67623484
Can I have more than one disposable card?,disposable_card_limits,disposable_card_limits,0.66768664
what is the disposable cards limit?,disposable_card_limits,disposable_card_limits,0.681912
What's the most disposable cards I can have?,disposable_card_limits,disposable_card_limits,0.6675625
Do these virtual cards have any caps on using them?,disposable_card_limits,getting_virtual_card,0.29244223
How many disposable cards can I have?,disposable_card_limits,disposable_card_limits,0.6960859
What is the amount of disposable cards I can have each day?,disposable_card_limits,disposable_card_limits,0.7144777
How many disposable cards per day am I allowed to have?,disposable_card_limits,disposable_card_limits,0.7205606
How many card payments can I use on a disposable card?,disposable_card_limits,disposable_card_limits,0.66779643
What if I need multiple disposable cards?,disposable_card_limits,disposable_card_limits,0.6655674
"If I have more than one disposable card, can I make five payments on each of them?",disposable_card_limits,disposable_card_limits,0.71924263
Are you able to explain the restrictions of the disposable cards?,disposable_card_limits,disposable_card_limits,0.64220697
What is the maximum number of transactions I can make with one card?,disposable_card_limits,getting_spare_card,0.738447
What is the limit to number of transactions I can do with a disposable card?,disposable_card_limits,disposable_card_limits,0.70568204
How many disposable cards is the limit?,disposable_card_limits,disposable_card_limits,0.7409969
Tell me how many transactions I can do with a disposable card.,disposable_card_limits,disposable_card_limits,0.65508586
I have to have several disposable cards per day.,disposable_card_limits,disposable_card_limits,0.69715554
I would like to know any restrictions for the disposable cards.,disposable_card_limits,disposable_card_limits,0.68636775
How can I create many temporary cards daily?,disposable_card_limits,getting_spare_card,0.76144016
Is it possible to make several disposable cards in a day?,disposable_card_limits,disposable_card_limits,0.67930007
How many disposable cards can I make in a single day?,disposable_card_limits,disposable_card_limits,0.70435005
Is there a limit to how many transactions I can make on one disposable card?,disposable_card_limits,disposable_card_limits,0.7340703
Are there any limits to how many disposable cards I can use?,disposable_card_limits,disposable_card_limits,0.72466636
Can you explain the virtual cards limit?,disposable_card_limits,disposable_card_limits,0.2924733
How many disposable virtual cards can I have?,disposable_card_limits,get_disposable_virtual_card,0.43701115
I need to create several disposable cards per day.,disposable_card_limits,disposable_card_limits,0.6808845
Are there any hindrances to using a disposable virtual card?,disposable_card_limits,get_disposable_virtual_card,0.5210034
How many disposable cards can I own?,disposable_card_limits,disposable_card_limits,0.68507
How many virtual cards do I get?,disposable_card_limits,getting_virtual_card,0.5293655
What is the limit to disposable cards you can have?,disposable_card_limits,disposable_card_limits,0.7055916
How many times can I use a disposable card?,disposable_card_limits,disposable_card_limits,0.63068324
What can I use a virtual disposable card for?,disposable_card_limits,get_disposable_virtual_card,0.56913346
Do you know what the restriction of the disposable cards are?,disposable_card_limits,disposable_card_limits,0.6825009
What are the limits for disposable virtual cards?,disposable_card_limits,disposable_card_limits,0.514378
What are the limits to using disposable virtual cards?,disposable_card_limits,disposable_card_limits,0.45705593
How many transactions can I do with one disposable card?,disposable_card_limits,disposable_card_limits,0.70579326
How many times can I use the disposable virtual card I have?,disposable_card_limits,get_disposable_virtual_card,0.44729796
I think someone is using my card to make transactions I don't remember.,compromised_card,compromised_card,0.545287
someone is using my account,compromised_card,compromised_card,0.3319874
Someone I don't know has used my card without permission.,compromised_card,compromised_card,0.5396683
My card was used without my permission.,compromised_card,compromised_card,0.34475774
Can I freeze my card right now?,compromised_card,lost_or_stolen_card,0.20646842
Freeze my account it's been hacked.,compromised_card,terminate_account,0.26493734
"There are transactions I didn't make, someone else must have used my card.",compromised_card,compromised_card,0.48938677
Can you freeze my card because someone used it while I was out of town. I did not make these purchases.,compromised_card,compromised_card,0.37468043
Someone is using my account to do online shopping! Please freeze it asap,compromised_card,terminate_account,0.6222393
Someone else may be using my card.  There are transactions I don't recognize.,compromised_card,compromised_card,0.5390118
What do I do to stop unauthorized transactions on my card? I was never in the place from which the transactions on my bill were made and I never made them. Please help!,compromised_card,compromised_card,0.42101192
What do I do if I think my card was improperly used?,compromised_card,compromised_card,0.3303441
How can I stop fraud on my account right now?,compromised_card,compromised_card,0.2530794
"I think my identity has been stolen, can you check on unauthorized charges?",compromised_card,compromised_card,0.17198579
I think someone else is using my card.  There are transactions I didn't make.,compromised_card,compromised_card,0.49694443
"I don't recognize some of the transactions on my card, I think someone must have gotten my card info and used it.",compromised_card,compromised_card,0.5453111
Can I use app to freeze account and dispute fraud?,compromised_card,terminate_account,0.22143905
My card is being used online to make a bunch of purchases! Someone else is using it fraudulently. Can you help me freeze it?,compromised_card,compromised_card,0.48264986
"Someone has my card number, freeze my account.",compromised_card,lost_or_stolen_card,0.2676172
"I see random purchases to my account, was it hacked?",compromised_card,compromised_card,0.25302893
It seems someone used my card! There are a few transactions from a small town in the middle of nowhere that I definitely have not made! Please prevent them from using it immediately!,compromised_card,compromised_card,0.517062
How do I freeze my card using the app?,compromised_card,card_linking,0.46548387
My card has been compromised,compromised_card,card_not_working,0.41178483
What should I do if I think that someone else may be using my card.,compromised_card,compromised_card,0.5442447
"The transactions showing up are strange, I think my card was used without me knowing.",compromised_card,compromised_card,0.42779386
How do I freeze my account?,compromised_card,terminate_account,0.72859025
"I'm not certain, but someone may be using my card.",compromised_card,compromised_card,0.52155375
How do I freeze my card? I think someone is using it to make a bunch of online transactions.,compromised_card,compromised_card,0.37612092
I think someone got my card details and used it because there are transactions i don't recognize. What do I do now?,compromised_card,compromised_card,0.55224496
Someone else used my card!,compromised_card,compromised_card,0.5159763
I believe someone is using my card without my agreement!,compromised_card,compromised_card,0.5028645
"If I feel someone has my card information, can I get a new card?",compromised_card,card_arrival,0.17892252
"There are a few transaction that I don't recognize, I think someone managed to get my card details and use it.",compromised_card,compromised_card,0.5178064
I think someone has access to my card numbers that shouldn't.,compromised_card,compromised_card,0.26006687
I think my child used my card while I wasn't home.,compromised_card,age_limit,0.21111333
What do I do if I think someone managed to get my card information?,compromised_card,compromised_card,0.34617767
I think someone copied the numbers on my card and is using them.,compromised_card,compromised_card,0.3687753
What should I do if I think someone is using my card.,compromised_card,compromised_card,0.5546231
Can I use app to freeze my card and dispute fraud?,compromised_card,compromised_card,0.25144455
"Someone else is using my card, freeze it.",compromised_card,card_not_working,0.21756142
Do all ATMs take this card?,atm_support,atm_support,0.6055622
Which ATMs accept this card?,atm_support,atm_support,0.61798215
Where is the closest Mastercard ATM?,atm_support,atm_support,0.60162306
Is there a list of ATM machines?,atm_support,atm_support,0.57099336
Are there any specific ATMs that this card can be used at?,atm_support,atm_support,0.6269061
How do I know which ATMs will accept this card?,atm_support,atm_support,0.62839943
Which ATM's accept my card?,atm_support,atm_support,0.54269814
Is there any nearby ATM's?,atm_support,atm_support,0.5593407
Where are the locations of ATMs that accept this card?,atm_support,atm_support,0.6284543
Which ATMs accept this placard ?,atm_support,atm_support,0.58055305
Help me locate the nearest ATM.,atm_support,atm_support,0.54703236
What ATMs is the card okay to use at?,atm_support,atm_support,0.6208071
How can I find the nearest ATM?,atm_support,atm_support,0.5857505
What kind of ATM's can I use?,atm_support,atm_support,0.6111659
How can I withdraw money?,atm_support,atm_support,0.42204887
How many miles away is the ATM?,atm_support,atm_support,0.3908412
From where can I withdraw?,atm_support,atm_support,0.3073161
Which ATM's will accept my card?,atm_support,atm_support,0.5352004
At what ATMS am I able to use the card?,atm_support,atm_support,0.60631424
Can I use my card at any ATMs?,atm_support,atm_support,0.6019138
Can I get cash with this card anywhere?,atm_support,atm_support,0.24468774
"
Which ATMs accept this card?",atm_support,atm_support,0.61798215
Can someone please assist me with finding my nearest ATM?,atm_support,atm_support,0.540605
Are there any ATM machines near me?,atm_support,atm_support,0.5663174
Where is the nearest bank machine?,atm_support,atm_support,0.3538878
What type of ATMs accept this card?,atm_support,atm_support,0.6256509
Where can I use this card at an ATM?,atm_support,atm_support,0.5944131
"If I have this card, which ATMs can I go to?",atm_support,atm_support,0.6178094
What ATMs can I withdraw money from?,atm_support,atm_support,0.5587445
"I want to withdraw money, where can I go?",atm_support,atm_support,0.4591483
Where can I withdrawal my money?,atm_support,atm_support,0.2531896
What are the ATMs that will accept this card?,atm_support,atm_support,0.6159026
What ATMs will accept this type of card?,atm_support,atm_support,0.6129208
Where can I find an ATM to use this card?,atm_support,atm_support,0.6151735
At which ATMs can I use this card?,atm_support,atm_support,0.62804615
Are there certain ATMs that I can use this card at?,atm_support,atm_support,0.6273981
Do you know the closest ATM?,atm_support,atm_support,0.58681893
Can I use this card at an ATM?,atm_support,atm_support,0.5914315
Is there places where I can't withdraw money?,atm_support,declined_cash_withdrawal,0.37814593
locations to withdraw money,atm_support,atm_support,0.40499407
Help me.  There is a Direct Debit that I didn't make.,direct_debit_payment_not_recognised,direct_debit_payment_not_recognised,0.9397081
There is a direct debit that's not mine.,direct_debit_payment_not_recognised,direct_debit_payment_not_recognised,0.9417515
I have a strange direct debit in my statement,direct_debit_payment_not_recognised,direct_debit_payment_not_recognised,0.94064826
I don't understand where this debit came from and want it removed.,direct_debit_payment_not_recognised,direct_debit_payment_not_recognised,0.93510646
what is this charge on my account,direct_debit_payment_not_recognised,card_payment_fee_charged,0.27461502
"im so mad right now. theres several charges that I think my x boyfriend made on my card. the companys on the website wouldn't refund me my money, they told me to contact my bank. DO something please.",direct_debit_payment_not_recognised,card_payment_not_recognised,0.19081196
someone stole my money,direct_debit_payment_not_recognised,cash_withdrawal_not_recognised,0.35013914
There's a Direct Debit payment in my account that I didn't make,direct_debit_payment_not_recognised,direct_debit_payment_not_recognised,0.94062877
There's a debit on my account that I didn't do.,direct_debit_payment_not_recognised,direct_debit_payment_not_recognised,0.93318945
I may have a fraud charge on my debit statement.,direct_debit_payment_not_recognised,direct_debit_payment_not_recognised,0.9364709
Why is there a direct debit payment on my app that is not from me?,direct_debit_payment_not_recognised,direct_debit_payment_not_recognised,0.9389195
Weird charges are appearing in my debit account.,direct_debit_payment_not_recognised,direct_debit_payment_not_recognised,0.9377366
"Even though it's late, I wanted to see about disputing a charge. I was just looking through my transactions over the past couple of months and noticed a pretty large amount that was not completed by me. Is this possibly something I can still do.",direct_debit_payment_not_recognised,direct_debit_payment_not_recognised,0.52728945
"There was a transaction from two weeks ago from a business that I don't know. I'm fairly certain it wasn't me who made it, but is it an option to trace it to confirm?",direct_debit_payment_not_recognised,transfer_not_received_by_recipient,0.24032974
What is this direct debit I am seeing?,direct_debit_payment_not_recognised,direct_debit_payment_not_recognised,0.93872195
There is a Direct Debit that I don't recognize.,direct_debit_payment_not_recognised,direct_debit_payment_not_recognised,0.9408483
Unknown direct deposit,direct_debit_payment_not_recognised,balance_not_updated_after_cheque_or_cash_deposit,0.8134502
There is a suspicious direct debit payment.,direct_debit_payment_not_recognised,direct_debit_payment_not_recognised,0.941155
There is a transaction from my account that I don't recognize can you trace back the information so I can make sure it's something I did or not?,direct_debit_payment_not_recognised,cancel_transfer,0.19653755
"A couple weeks ago some money was deducted from my account by some seller that I don't remember. I'm pretty sure I didn't do that, but is it possible to trace back who that is just to make sure?",direct_debit_payment_not_recognised,direct_debit_payment_not_recognised,0.46891585
I found a charge for a direct debit that was not made by me.,direct_debit_payment_not_recognised,direct_debit_payment_not_recognised,0.93631154
"I am seeing a weird payment showing up that I know I did not make, how can I get it cancelled?",direct_debit_payment_not_recognised,reverted_card_payment?,0.67330563
This Direct Debit payment may not be right.,direct_debit_payment_not_recognised,direct_debit_payment_not_recognised,0.9404126
why does the app show a direct debit payment that I did not authorize,direct_debit_payment_not_recognised,direct_debit_payment_not_recognised,0.94048023
Can I dispute a payment even if I notice it several weeks after it was made?,direct_debit_payment_not_recognised,direct_debit_payment_not_recognised,0.30945182
It seems there is an incorrect listing of a direct debit payment on my app that I did not make,direct_debit_payment_not_recognised,direct_debit_payment_not_recognised,0.9374172
I don't think I made this charge on my debit statement.,direct_debit_payment_not_recognised,direct_debit_payment_not_recognised,0.93490416
I have a direct debit charge that I do not recognize,direct_debit_payment_not_recognised,direct_debit_payment_not_recognised,0.94023716
I didn't make this direct debit transaction,direct_debit_payment_not_recognised,direct_debit_payment_not_recognised,0.93737656
There's a direct debit on my account that I didn't authorize,direct_debit_payment_not_recognised,direct_debit_payment_not_recognised,0.9375706
I understand that this is extremely late. After going over my transactions for the last couple of months I noticed a large charge that I'm sure I did not make. Is there anyway I can still dispute this?,direct_debit_payment_not_recognised,direct_debit_payment_not_recognised,0.7644239
I don't recognize a debit payment that was made and would like to find out about the payment.,direct_debit_payment_not_recognised,direct_debit_payment_not_recognised,0.9396665
I am concerned about the security in my account and would like to make a dispute.,direct_debit_payment_not_recognised,direct_debit_payment_not_recognised,0.23118447
Why is there a direct debit I didn't make showing in the app?,direct_debit_payment_not_recognised,direct_debit_payment_not_recognised,0.93612105
There is a direct debit I do not recognise in my statement,direct_debit_payment_not_recognised,direct_debit_payment_not_recognised,0.93893343
"I have a direct debit transaction I have not set up, but would like to .",direct_debit_payment_not_recognised,direct_debit_payment_not_recognised,0.93707275
Someone has taken my money and I don't know who,direct_debit_payment_not_recognised,cash_withdrawal_not_recognised,0.50064844
I was charged on my account that shouldn't be there.,direct_debit_payment_not_recognised,card_payment_fee_charged,0.47896674
There's a direct debit I wish to dispute,direct_debit_payment_not_recognised,direct_debit_payment_not_recognised,0.9344247
Why was my account deducted from a seller when I didn't approve of it?,direct_debit_payment_not_recognised,direct_debit_payment_not_recognised,0.4277067
What do I do if I forget my passcode?  Because I did.,passcode_forgotten,passcode_forgotten,0.8520582
I can't find my password,passcode_forgotten,passcode_forgotten,0.83041406
How do I retrieve my passcode?,passcode_forgotten,passcode_forgotten,0.84383637
My passcode doesn't seem to be working,passcode_forgotten,passcode_forgotten,0.8369047
I lost my password,passcode_forgotten,passcode_forgotten,0.8179135
My password isn't being accepted and I need to reset it.,passcode_forgotten,passcode_forgotten,0.7852687
Something is wrong with my password.,passcode_forgotten,passcode_forgotten,0.82575226
Something is wrong with my passcode,passcode_forgotten,passcode_forgotten,0.8501491
"How do I reset a forgotten passcode, please?",passcode_forgotten,passcode_forgotten,0.8438515
I can't recall my passcode and need to reset it.,passcode_forgotten,passcode_forgotten,0.8410989
Can I be given a new passcode?,passcode_forgotten,passcode_forgotten,0.8385709
I do not know my passcode.,passcode_forgotten,passcode_forgotten,0.8464851
I don't remember my code to get into the app.,passcode_forgotten,passcode_forgotten,0.8317876
I no longer have my passcode.,passcode_forgotten,passcode_forgotten,0.8489761
Why won't my passcode work?,passcode_forgotten,passcode_forgotten,0.84670955
Can I resent my passcode?,passcode_forgotten,passcode_forgotten,0.8456629
I need to reset my passcode. How do I do it?,passcode_forgotten,passcode_forgotten,0.8441482
Show me please how to reset my passcode.,passcode_forgotten,passcode_forgotten,0.84421176
Help me reset the passcode.,passcode_forgotten,passcode_forgotten,0.84419525
I have forgotten my passcode to access my app,passcode_forgotten,passcode_forgotten,0.8487871
What should I do if the passcode doesn't work for me?,passcode_forgotten,passcode_forgotten,0.84140074
"I do not remember the code, what should I do?",passcode_forgotten,passcode_forgotten,0.77775365
Where can I reset the passcode?,passcode_forgotten,passcode_forgotten,0.8418285
I need help resetting my passcode to access my app.,passcode_forgotten,passcode_forgotten,0.83801633
What steps do I take to receive another passcode?,passcode_forgotten,passcode_forgotten,0.82747656
I forgot my password,passcode_forgotten,passcode_forgotten,0.8272916
I forgot my code to get into the app.,passcode_forgotten,passcode_forgotten,0.8294327
I have forgotten my password.,passcode_forgotten,passcode_forgotten,0.8318243
I forgot the code to access the app.,passcode_forgotten,passcode_forgotten,0.78314346
Is there a way to reset my passcode?,passcode_forgotten,passcode_forgotten,0.84769285
Can you help me reset my password?,passcode_forgotten,passcode_forgotten,0.8055519
Can I reset my password?  I don't know what it is.,passcode_forgotten,passcode_forgotten,0.8115195
How do I reset the passcode?,passcode_forgotten,passcode_forgotten,0.8433552
What should I do if I forgot my passcode?,passcode_forgotten,passcode_forgotten,0.8497683
My passcode doesn't work,passcode_forgotten,passcode_forgotten,0.84174514
Tell me how to reset the passcode.,passcode_forgotten,passcode_forgotten,0.84509444
I need a new passcode.,passcode_forgotten,passcode_forgotten,0.8388423
I don't have my access code for the app.,passcode_forgotten,passcode_forgotten,0.7943112
Can you tell me what to do to reset my passcode?,passcode_forgotten,passcode_forgotten,0.84561956
What is the code I need to get into the app?,passcode_forgotten,passcode_forgotten,0.74771076
Can you tell me why you won't let me get my own money out of the money machine? I know I used the right PIN.,declined_cash_withdrawal,pin_blocked,0.29495135
My withdrawal was cancelled.,declined_cash_withdrawal,declined_cash_withdrawal,0.5670137
This is very frustrating. I can't get my card to work on any ATM I try and I've tried 3 of them so far. What's going on? Can you please fix this issue immediately?,declined_cash_withdrawal,declined_cash_withdrawal,0.61377203
The ATM did not allow me to withdraw,declined_cash_withdrawal,declined_cash_withdrawal,0.7211387
Why was my ATM transaction cancelled?,declined_cash_withdrawal,declined_cash_withdrawal,0.7153204
The ATM keeps declining my card. I tried at a couple different ATMs. Can you tell me if there's a problem with my account?,declined_cash_withdrawal,declined_cash_withdrawal,0.66716033
I was at the ATM trying to made a withdraw and I was declined.,declined_cash_withdrawal,declined_cash_withdrawal,0.8146781
The ATM didn't let me get any cash,declined_cash_withdrawal,declined_cash_withdrawal,0.7458013
I want to know why I have been unable to withdrawn funds.,declined_cash_withdrawal,cash_withdrawal_not_recognised,0.33181918
"I need your help to check my account, please! My card keeps being declined at the ATM, and I've already tried two different ones!",declined_cash_withdrawal,declined_cash_withdrawal,0.6212741
"Hi, My card withdrawal was declined this morning. It was working fine till yesterday. Please check and inform me.",declined_cash_withdrawal,declined_cash_withdrawal,0.74850804
"Hi, I was trying to use my card but it was declining by ATM. I have cross checked with two different ATMs but i was facing the same issue. Could you please check my account.",declined_cash_withdrawal,declined_cash_withdrawal,0.7115788
I tried to make a cash withdrawal and it was declined. Why did this happen?,declined_cash_withdrawal,declined_cash_withdrawal,0.80506843
I can't get money out of the ATM,declined_cash_withdrawal,declined_cash_withdrawal,0.80240184
The ATM is declining my card. I tried at two different ATMs. Can you tell me if there's anything wrong with my account?,declined_cash_withdrawal,declined_cash_withdrawal,0.61106116
The withdrawal was declined I am unsure as to why this happened?,declined_cash_withdrawal,declined_cash_withdrawal,0.7744325
I was declined when I tried to get cash.,declined_cash_withdrawal,declined_cash_withdrawal,0.80159634
Why was I declined at the ATM today when I was trying to make a withdraw?,declined_cash_withdrawal,declined_cash_withdrawal,0.8132571
What are some reasons that would cause ATM machines to decline my card? It has happened to me multiple times!,declined_cash_withdrawal,declined_cash_withdrawal,0.5256196
Why did the ATM machine fail to give me a cash withdrawal?,declined_cash_withdrawal,declined_cash_withdrawal,0.78963524
My ATM transaction was unsuccessful.,declined_cash_withdrawal,declined_cash_withdrawal,0.7358282
I attempted to get cash but was declined.,declined_cash_withdrawal,declined_cash_withdrawal,0.7617285
I tried to withdraw money but I was declined!,declined_cash_withdrawal,declined_cash_withdrawal,0.8089743
How come I can't take money out of the ATM?,declined_cash_withdrawal,declined_cash_withdrawal,0.784649
The ATM keeps declining my card. I tried at two different ATMs. Can you tell me if there's an issue with my account?,declined_cash_withdrawal,declined_cash_withdrawal,0.6473754
Why was my cash withdrawal declined?,declined_cash_withdrawal,declined_cash_withdrawal,0.81581724
Why could I not get cash?,declined_cash_withdrawal,declined_cash_withdrawal,0.7663283
why couldn't I get cash in the ATM?,declined_cash_withdrawal,declined_cash_withdrawal,0.80921715
Why can't I get cash?,declined_cash_withdrawal,declined_cash_withdrawal,0.7668254
Why didn't the ATM give me my money?,declined_cash_withdrawal,declined_cash_withdrawal,0.6847431
i tried to withdraw money from an atm and i was declined on front of my friends. Why did this happen?,declined_cash_withdrawal,declined_cash_withdrawal,0.81591636
The ATM isn't giving out any money.,declined_cash_withdrawal,declined_cash_withdrawal,0.71654546
Why was I declined getting cash?,declined_cash_withdrawal,declined_cash_withdrawal,0.79436517
I couldn't get cash at the atm,declined_cash_withdrawal,declined_cash_withdrawal,0.7937266
"Oh my goodness, my card has been declined twice at ATM! I tried two different ATM, but each one declined my card! Can you tell me what's going on with my account?",declined_cash_withdrawal,declined_cash_withdrawal,0.56479686
Why could I not choose cash at the ATM?,declined_cash_withdrawal,declined_cash_withdrawal,0.7652215
My cash withdrawl was declined why?,declined_cash_withdrawal,declined_cash_withdrawal,0.7823538
Is there a reason that the ATM declined my transaction?,declined_cash_withdrawal,declined_cash_withdrawal,0.7816065
The cash I tried to draw from the ATM was not approved.,declined_cash_withdrawal,declined_cash_withdrawal,0.76236093
atm would not give me cash,declined_cash_withdrawal,declined_cash_withdrawal,0.65280485
"My card payment is still on hold, why is it so?",pending_card_payment,reverted_card_payment?,0.506548
Why is my payment pending?,pending_card_payment,pending_card_payment,0.8838254
My card payment is still pending.,pending_card_payment,pending_card_payment,0.8921403
How do i finalize a card payment,pending_card_payment,pending_card_payment,0.5678466
Why is my card payment showing as pending?,pending_card_payment,pending_card_payment,0.89058876
Why has my payment not gone through?,pending_card_payment,pending_card_payment,0.6920219
Please help me to know the status of my card payment as its pending since a while.,pending_card_payment,pending_card_payment,0.8849497
"I recently made a payment, and it is showing up in my account as ""pending"". What does that mean?",pending_card_payment,pending_card_payment,0.8775241
What does it mean by pending payment?,pending_card_payment,pending_card_payment,0.8762391
When will my card payment be done pending?,pending_card_payment,pending_card_payment,0.88780975
I made this payment days ago so why hasn't it gone through yet?,pending_card_payment,pending_card_payment,0.8272457
I am seeing pending from the card payment I made.,pending_card_payment,pending_card_payment,0.8873598
My card payment is showing pending.,pending_card_payment,pending_card_payment,0.8898403
I bought some stuff this morning but the payment shows as pending,pending_card_payment,pending_card_payment,0.8721439
I am waiting for a payment to go through.,pending_card_payment,pending_card_payment,0.7908955
How long does an item I bought show as pending?,pending_card_payment,pending_card_payment,0.81351334
What is a pending payment?,pending_card_payment,pending_card_payment,0.8907403
I would like to know why my purchases from this morning are still pending.,pending_card_payment,pending_card_payment,0.7806382
Why is there a pending transaction on my card?,pending_card_payment,pending_card_payment,0.7252409
My card payment is pending.,pending_card_payment,pending_card_payment,0.88900447
Why is a payment showing up on my card as pending?,pending_card_payment,pending_card_payment,0.88855296
I made a purchase and it says it's pending. What does that mean?,pending_card_payment,pending_card_payment,0.78666055
How long do card transactions take to clear?,pending_card_payment,card_delivery_estimate,0.44037354
what does pending mean?,pending_card_payment,pending_card_payment,0.46562952
How long will this card payment stay pending?,pending_card_payment,pending_card_payment,0.87518466
My payment still hasn't processed!,pending_card_payment,pending_card_payment,0.77273226
"I was double charged, and the second charge is showing as ""pending"". How long will it be before I get my money back once the second charge has been refunded?",pending_card_payment,transaction_charged_twice,0.7295651
"I have waited 15 days, but my payment still hasn't cleared.",pending_card_payment,pending_card_payment,0.67525214
Why would I have a pending payment?,pending_card_payment,pending_card_payment,0.8878818
Explain what the pending payment means?,pending_card_payment,pending_card_payment,0.8872435
Why are my payments showing pending?,pending_card_payment,pending_card_payment,0.8674744
"My card is still pending, I've been waiting a while.",pending_card_payment,pending_card_payment,0.44763693
How long does it take for a payment to go thru? I made one a few days ago and it has not been cleared yet.,pending_card_payment,pending_card_payment,0.8227503
I bought some things this morning but the payment shows that it is pending,pending_card_payment,pending_card_payment,0.8714687
How long does it take to authorise a payment?,pending_card_payment,pending_card_payment,0.5547577
I had a payment that I made and it's been some amount of time and would like to know when it's suppose to go though.,pending_card_payment,pending_card_payment,0.6798367
What does a pending transaction mean?,pending_card_payment,pending_card_payment,0.4576016
I have paid by my card but payment is still its coming as pending. I think there is some issue please check and let me know when the status will complete.,pending_card_payment,pending_card_payment,0.8832397
I have a pending payment in my account that I paid a while back ago and it still hasnt gone through. Why would it show pending for so long?,pending_card_payment,pending_card_payment,0.82818085
I have a pending payment from stuff I bought this morning.,pending_card_payment,pending_card_payment,0.8789953
My phone was stolen,lost_or_stolen_phone,lost_or_stolen_phone,0.896561
My phone was stolen yesterday.  What should I do?,lost_or_stolen_phone,lost_or_stolen_phone,0.9021937
"If my phone is missing, can I block someone from using the app?",lost_or_stolen_phone,lost_or_stolen_phone,0.8917583
I think my phone is either lost or stolen.,lost_or_stolen_phone,lost_or_stolen_phone,0.8945975
"If I was mugged and lost everything, how do I access my account and app?",lost_or_stolen_phone,lost_or_stolen_phone,0.8165361
I can't find my phone.,lost_or_stolen_phone,lost_or_stolen_phone,0.88500667
I've lost track of my phone or someone stole it.,lost_or_stolen_phone,lost_or_stolen_phone,0.88856727
"I'm not sure where my phone is, I think someone stole it or it's lost.",lost_or_stolen_phone,lost_or_stolen_phone,0.89045584
Can I used my card even if my phone has been stolen?,lost_or_stolen_phone,lost_or_stolen_phone,0.8953478
"My phone was stolen, what do I do?",lost_or_stolen_phone,lost_or_stolen_phone,0.9024084
"lost my phone, dont want others to use it.",lost_or_stolen_phone,lost_or_stolen_phone,0.89902896
I lost my phone and need help securing it.,lost_or_stolen_phone,lost_or_stolen_phone,0.9008978
My phone was stolen so I no longer have access to the app.,lost_or_stolen_phone,lost_or_stolen_phone,0.89666015
"left phone at hotel, how to access app",lost_or_stolen_phone,lost_or_stolen_phone,0.75745183
My phone is not on me.  How can I use the app?,lost_or_stolen_phone,lost_or_stolen_phone,0.8889279
my phone is gone,lost_or_stolen_phone,lost_or_stolen_phone,0.8910698
My phone is not with me at the moment so I will not be able to access the app.,lost_or_stolen_phone,lost_or_stolen_phone,0.88455814
my phone was taken! can you place cancel my account so no one uses it,lost_or_stolen_phone,lost_or_stolen_phone,0.7905196
I lost my phone and would like to freeze my accounts.,lost_or_stolen_phone,lost_or_stolen_phone,0.877283
"lost phone, can i still access account?",lost_or_stolen_phone,lost_or_stolen_phone,0.889019
The hotel called and said I left my phone in the room.,lost_or_stolen_phone,lost_or_stolen_phone,0.8837393
Someone stole my phone yesterday :( is there anything I need to do?,lost_or_stolen_phone,lost_or_stolen_phone,0.8913585
"lost phone, dont want others to access account",lost_or_stolen_phone,lost_or_stolen_phone,0.88102895
I was mugged and everything taken.  What do I do to protect my account?,lost_or_stolen_phone,lost_or_stolen_phone,0.84830457
I believe I left my smartphone at the hotel I was staying at.,lost_or_stolen_phone,lost_or_stolen_phone,0.6797833
"Someone attacked me yesterday and took my things, so I am unable to use the app.  I am in need of some help.",lost_or_stolen_phone,lost_or_stolen_phone,0.60104084
Can I still use the app if I switched phones?,lost_or_stolen_phone,lost_or_stolen_phone,0.71368366
I was mugged yesterday and they took everything.  I can't access my app.  What are my next steps?,lost_or_stolen_phone,lost_or_stolen_phone,0.8772777
I got mugged yesterday and lost access to the app. I need to regain it.,lost_or_stolen_phone,lost_or_stolen_phone,0.8128236
"If I lost my phone, can someone use my account?",lost_or_stolen_phone,lost_or_stolen_phone,0.8998587
I am not able to use the app since I forgot my phone at the hotel I was staying at.,lost_or_stolen_phone,lost_or_stolen_phone,0.8910864
Someone stole my phone.,lost_or_stolen_phone,lost_or_stolen_phone,0.8975627
Someone stole my cards!,lost_or_stolen_phone,lost_or_stolen_card,0.33738074
My phone is lost.  What do I do to prevent someone from using the app?,lost_or_stolen_phone,lost_or_stolen_phone,0.90102637
Is there anything I need to do since my phone was stolen?,lost_or_stolen_phone,lost_or_stolen_phone,0.90182406
I lost my phone!,lost_or_stolen_phone,lost_or_stolen_phone,0.8909843
I can't find my phone but it has all my credit card information.,lost_or_stolen_phone,lost_or_stolen_phone,0.7597882
How do I use the app if I don't have my phone with me?,lost_or_stolen_phone,lost_or_stolen_phone,0.87980646
I got mugged yesterday and can't use the app.,lost_or_stolen_phone,lost_or_stolen_phone,0.864025
"My things were stolen yesterday and I can't use any apps or anything, so I am going to need some help.",lost_or_stolen_phone,lost_or_stolen_phone,0.7365931
"Hello- It is urgent I get a refund on this product. The merchant has not been helpful, what can I do now to get this resolved ASAP?",request_refund,Refund_not_showing_up,0.51822615
Can I receive a refund for my item?,request_refund,request_refund,0.8155638
Get an item refund,request_refund,request_refund,0.80352974
Would I be able to get a refund for something I bought?,request_refund,request_refund,0.8364073
I need to do a refund,request_refund,request_refund,0.78304935
I need a refund on an item I have not received.  Am I able to simply cancel the payment?  I don't know how to do this.,request_refund,request_refund,0.7992104
I would like a refund for something I bought,request_refund,request_refund,0.82394373
I want to return an item.,request_refund,request_refund,0.529346
Can I have a refund?,request_refund,request_refund,0.72439766
"I wasn't charged the correct amount for an item I purchased, how can I fix this?",request_refund,card_payment_fee_charged,0.2563612
Hi there! I need to cancel an order I recently made and start processing a refund. Can you please help me with this and set up the refund as soon as possible? It's very urgent.,request_refund,request_refund,0.6302519
Please stop my purchase.,request_refund,request_refund,0.58854514
I want a refund because my package has been taking too long to arrive. How do I go about doing that?,request_refund,Refund_not_showing_up,0.5668097
How do I apply for a refund?,request_refund,request_refund,0.7485753
Can I have an item refunded?,request_refund,request_refund,0.83239263
"I ordered something ages ago online but it's simply not arriving. I've got enough! Give me back my money, I'm not paying these people.",request_refund,request_refund,0.5089439
What do I need to do to get a refund?,request_refund,request_refund,0.7840934
I need a refund?,request_refund,request_refund,0.717491
"I am unhappy with my purchase, how do I cancel the order?",request_refund,request_refund,0.78737485
I bought something but now I would like a refund. How do I do that?,request_refund,request_refund,0.78959453
How do I get refunded?,request_refund,request_refund,0.79334074
Can you cancel my purchase?,request_refund,request_refund,0.79483926
How do I cancel a previous purchase,request_refund,request_refund,0.63799596
I would appreciate it if I could get an item refunded,request_refund,request_refund,0.8302893
How do I claim a refund?,request_refund,request_refund,0.64754117
"I don't want the item, I bought it on accident, can I get a refund?",request_refund,request_refund,0.8299029
Hello I changed my mind and really need a refund on one of things I bought recently. Can you please cancel the transaction and get my money back. Please it's urgent.,request_refund,request_refund,0.72391737
I would like a refund on one of your products that has been sold to me,request_refund,request_refund,0.71618795
I am not Happy with this product can i get a refund?,request_refund,request_refund,0.7645635
I want this amount reversed out of my account.,request_refund,reverted_card_payment?,0.25986716
Hello! I recently made a purchase and I'm needing to cancel my order and process a refund as soon as possible.,request_refund,request_refund,0.7352967
I want to reverse a purchase. Can I cancel it?,request_refund,request_refund,0.71629846
I am chatting about an order from a long while back.  I never got it to this day and am deeply upset by this!  I want all of my money back!  I just can not accept paying for something I never got.,request_refund,request_refund,0.48852935
I bought this item and was charged the wrong amount can I get a refund?,request_refund,request_refund,0.6555954
I would like to cancel a payment. I purchased something several days ago and i still have not received it.,request_refund,request_refund,0.44661644
What's the refund process?,request_refund,request_refund,0.6043892
I want a refund for my purchase,request_refund,request_refund,0.8126295
How can I process a refund for something I purchased?,request_refund,request_refund,0.84033144
I want to get an item refunded,request_refund,request_refund,0.8000065
I need to cancel a purchase I made.,request_refund,request_refund,0.76701254
I tried to make a transfer and it was declined. Why?,declined_transfer,declined_transfer,0.78610593
Good morning. I tried to make a purchase with my credit card last night and again this morning. Both times it was declined. Can you investigate?,declined_transfer,declined_card_payment,0.61979604
I am getting continuous failure for all my transfers. I have cross checked each recipient detail again and again and everything is correct.,declined_transfer,failed_transfer,0.58454645
why was my transfer declined,declined_transfer,declined_transfer,0.8022881
What would make a decline message show up during a transfer?,declined_transfer,declined_transfer,0.7783677
Why do you keep declining my transfers?it was always been working really well so far but when I tried to buy something just now the card got declined . I tried couple of times already  but same thing is happening.,declined_transfer,declined_transfer,0.79128546
"How can I fix my card, it got declined twice.",declined_transfer,declined_card_payment,0.31929308
Why did a transfer get declined?,declined_transfer,declined_transfer,0.80023503
My transfers are being declined. IT has always worked for me but now it's declining my card. I've tried several times.,declined_transfer,declined_transfer,0.7802449
Why did my transfer decline,declined_transfer,declined_transfer,0.7745046
The card got declined twice when I tried to use it to buy something online yesterday.,declined_transfer,declined_card_payment,0.36883548
"If the transfer details have already but reviewed and confirmed that they are correct, what other reason would cause my transfer to be declined?",declined_transfer,declined_transfer,0.77998537
Why did I get a transfer declined?,declined_transfer,declined_transfer,0.8024827
Why did my my transfer get declined?,declined_transfer,declined_transfer,0.79650503
How do I contact customer support about a transfer?,declined_transfer,transfer_into_account,0.20435597
"You keep declining my transfers? It's always been working really well so far, but when I tried to buy something just now the card got declined. I tried couple times already but same thing.",declined_transfer,declined_transfer,0.7934573
Why was I unable to do a transfer?,declined_transfer,failed_transfer,0.49984258
Trouble transferring transaction contact for help,declined_transfer,transfer_into_account,0.2730091
Why could my transfer have been declined?,declined_transfer,declined_transfer,0.8004354
When I try and to buy something using my card it keeps getting declined.,declined_transfer,declined_card_payment,0.58800167
I could not do a transfer because it was declined,declined_transfer,declined_transfer,0.7958146
"When I submit a transfer, it is being declined.  The information I put in has been reviewed.",declined_transfer,declined_transfer,0.7859106
Why was the transfer declined?,declined_transfer,declined_transfer,0.79667675
What is the reason my transfer was declined?,declined_transfer,declined_transfer,0.8004708
My transfer got declined.,declined_transfer,declined_transfer,0.80346704
My transfer was declined,declined_transfer,declined_transfer,0.8008827
"I tired to move my money, but my transfer was declined.",declined_transfer,declined_transfer,0.76730543
I would like to know why my transfer was declined.,declined_transfer,declined_transfer,0.799288
"I tried to make a transfer, but it was declined. Can you tell me why?",declined_transfer,declined_transfer,0.79098374
For what reason was my transfer declined?,declined_transfer,declined_transfer,0.79968786
My transfer has been declined and I know it should have went through.,declined_transfer,declined_transfer,0.78623563
Double check your funds may be declined,declined_transfer,declined_card_payment,0.2178329
I can't transfer money from my account.,declined_transfer,transfer_into_account,0.26026717
"Why would my transfer be declined? I've checked that I've put in all the right details, but it is still declined.",declined_transfer,declined_transfer,0.8037234
I tried to buy something online yesterday but it kept saying declined. Tried again today but same thing happened. What's broken?,declined_transfer,declined_transfer,0.7881851
I tried to buy something online yesterday but it wouldn't stop saying declined. Tried again today but same thing happened. What's Broken?,declined_transfer,declined_transfer,0.7800445
My card is being declined online. Could you tell me what might be broken or wrong with the account?,declined_transfer,declined_card_payment,0.59083325
Are there any restrictions causing my transfer to be declined?,declined_transfer,declined_transfer,0.7952173
"I was attempting to purchase a golf club off eBay yesterday, but my credit card was declined. I tried multiple times, and again this morning. Can you check into my card please?",declined_transfer,declined_card_payment,0.5176415
"I think my transfer was declined, but why?",declined_transfer,declined_transfer,0.80577034
The refund isn't showing up on my account.,Refund_not_showing_up,Refund_not_showing_up,0.8748322
My refund is missing from my statement.,Refund_not_showing_up,Refund_not_showing_up,0.8622122
"I requested a refund, and never received it. What can I do?",Refund_not_showing_up,Refund_not_showing_up,0.6851385
I was supposed to get a purchase refunded but I don't see the money in my account,Refund_not_showing_up,request_refund,0.62328005
There's a refund missing from my statement,Refund_not_showing_up,Refund_not_showing_up,0.85812354
"I need help. I asked for a refund from a merchant a while ago, but I have not gotten my money back. I keep checking my account, but nothing is showing up. What should I do now?",Refund_not_showing_up,Refund_not_showing_up,0.83093625
I am awaiting my refund,Refund_not_showing_up,Refund_not_showing_up,0.8416354
How long does it take for a refund?,Refund_not_showing_up,Refund_not_showing_up,0.6213989
"Help! I keep checking my account, but my refund is not showing. I requested that a seller refund my money a while back, but there is no money showing in my account. What can you do for me?",Refund_not_showing_up,Refund_not_showing_up,0.8532564
Can you tell me why my refund is not showing in my statement?,Refund_not_showing_up,Refund_not_showing_up,0.86383
"I asked for a refund last week but nothing has happened yet, can you help me please?",Refund_not_showing_up,Refund_not_showing_up,0.83837
Why is my refund missing from my  statement?,Refund_not_showing_up,Refund_not_showing_up,0.8529903
Still waiting on a refund.,Refund_not_showing_up,Refund_not_showing_up,0.84530956
I requested a refund and it is missing.,Refund_not_showing_up,Refund_not_showing_up,0.79217815
"Hi, As suggested by you, i have asked the seller to initiate the refund, it has been a week and i haven't received my money. Please advise.",Refund_not_showing_up,Refund_not_showing_up,0.7592277
I bought something and returned it and the money from the return isn't in my account.,Refund_not_showing_up,reverted_card_payment?,0.4762544
Do you have any idea on when I will receive my refund? I got my statement and it was not there.,Refund_not_showing_up,Refund_not_showing_up,0.8624758
Why isn't a recent refund on my statement?,Refund_not_showing_up,Refund_not_showing_up,0.8696006
Where can I see the refund in my account,Refund_not_showing_up,Refund_not_showing_up,0.8126714
"i was supposed to get a refund but my balance hasn't changed, why not?",Refund_not_showing_up,Refund_not_showing_up,0.82349
I requested a refund from a merchant days ago but I do not see it in my account.,Refund_not_showing_up,Refund_not_showing_up,0.848011
The refund has not appeared in my account,Refund_not_showing_up,Refund_not_showing_up,0.8768146
Did my refund go through? It's not on my statement.,Refund_not_showing_up,Refund_not_showing_up,0.8725671
My statement doesn't show that a refund has processed,Refund_not_showing_up,Refund_not_showing_up,0.85708827
I requested a refund from a store but it hasn't arrived.,Refund_not_showing_up,Refund_not_showing_up,0.8397808
I still haven't seen a refund on my account,Refund_not_showing_up,Refund_not_showing_up,0.8595152
I am missing a refund.,Refund_not_showing_up,Refund_not_showing_up,0.7923115
My refund doesn't seem to be showing on my statement.,Refund_not_showing_up,Refund_not_showing_up,0.8631382
I am not seeing a refund in my statement.,Refund_not_showing_up,Refund_not_showing_up,0.87315345
Why can't I see a recent refund in my statement?,Refund_not_showing_up,Refund_not_showing_up,0.86328137
"I did what you told me earlier and contacted the seller for a refund directly, but nothing is happening! It's been a week and I still haven't got anything. Please just give me back my money",Refund_not_showing_up,Refund_not_showing_up,0.77329654
Where is my refund? I have been checking my account all day.,Refund_not_showing_up,Refund_not_showing_up,0.8704843
It's been a week and I have done everything that I was asked to do and still nothing. I have contacted the seller and have not gotten a response. Please understand my frustration and put the money back in my account.,Refund_not_showing_up,reverted_card_payment?,0.4017211
My refund is missing,Refund_not_showing_up,Refund_not_showing_up,0.854993
Why doesn't a return show up im my account from a purchase I made?,Refund_not_showing_up,request_refund,0.34372485
I keep checking my bank statements but I don't see a refund that I've requested from a seller. Can you ensure that I receive the refund from the seller?,Refund_not_showing_up,Refund_not_showing_up,0.7672639
"I am waiting patiently for a week now for the seller to get back to me and there has been no response, could you please help me further with getting my money back.  Thank you.",Refund_not_showing_up,reverted_card_payment?,0.47971022
I would like some help getting a refund back from a seller. It still isn't showing up on my statement and I requested this a long time ago. I'm not sure why it's not returned yet. Can you assist me in getting this money back?,Refund_not_showing_up,Refund_not_showing_up,0.78536814
How long will it take to get my refund,Refund_not_showing_up,Refund_not_showing_up,0.77114284
I should have received a refund however it is not showing on my statement,Refund_not_showing_up,Refund_not_showing_up,0.8689812
My credit card was declined.,declined_card_payment,declined_card_payment,0.578035
The new card that was just sent to me was declined multiple times yesterday when I tried to use it at a restaurant to pay for my dinner.  I am really disappointed  and embarrassed that my card was denied when I tried to use it to pay for my friend's birthday dinner.,declined_card_payment,declined_card_payment,0.70083386
Why was my card payment declined?,declined_card_payment,declined_card_payment,0.84867257
I was trying to purchase something at the store today and my card has been declined.  Why has this happened?,declined_card_payment,declined_card_payment,0.77536523
"My payment has been declined, I thought this issue was fixed!",declined_card_payment,declined_card_payment,0.7749296
My card was declined in a shop,declined_card_payment,declined_card_payment,0.798599
Why did it decline my payment?,declined_card_payment,declined_card_payment,0.81749386
My card declined,declined_card_payment,declined_card_payment,0.8161339
Can you look at my account ans see why my card was declined,declined_card_payment,declined_card_payment,0.8189983
"I was out today looking forward to pay with my new card, turns out the payment just kept getting declined. This is really sad, what's going on?",declined_card_payment,declined_card_payment,0.8381668
Why was a transaction on my card declined?,declined_card_payment,declined_card_payment,0.7542696
My new card keeps getting declined. I was very excited to use it for the first time today. Why is this doing this?,declined_card_payment,declined_card_payment,0.69488496
"My latest payment was declined, I was told everything was back to working order. What happened?",declined_card_payment,declined_card_payment,0.83298445
I know I have enough funds in my account but my card payment hasn't worked for some reason. What do I do?,declined_card_payment,declined_card_payment,0.6452031
Why doesn't the card payment work,declined_card_payment,declined_card_payment,0.76368695
I'm really stuck. I don't know why but my card payment has not gone through.,declined_card_payment,declined_card_payment,0.30934405
"I have a card payment that was declined, but why?",declined_card_payment,declined_card_payment,0.8499223
Do you know why my card payment did not work?,declined_card_payment,declined_card_payment,0.8146375
Something is wrong with my payment account since it has been declined,declined_card_payment,declined_card_payment,0.83899486
Why are you declining my payment? Everything was fine.,declined_card_payment,declined_card_payment,0.81038827
I don't know why my payment didn't work.,declined_card_payment,declined_card_payment,0.8189931
My card payment did not work.,declined_card_payment,declined_card_payment,0.8179271
Why is my debit card being declined when I have money?,declined_card_payment,direct_debit_payment_not_recognised,0.5784437
My card was not accepted.,declined_card_payment,declined_card_payment,0.6659129
I have no idea why my card payment did not work.,declined_card_payment,declined_card_payment,0.82157093
"My card payment didn't work, can you help?",declined_card_payment,declined_card_payment,0.82348245
"My card was rejected at the store for some reason, can you look into this for me?",declined_card_payment,declined_card_payment,0.58998317
Please explain why my card was declined?,declined_card_payment,declined_card_payment,0.77688134
"Hello, I am facing the issue with my new card as payments are declining again and again. Please help me in this issue.",declined_card_payment,declined_card_payment,0.65004313
Do you know why my card payment is declined?,declined_card_payment,declined_card_payment,0.85042447
Why was my Payment declined,declined_card_payment,declined_card_payment,0.8355337
They declined my card payment.,declined_card_payment,declined_card_payment,0.827116
Why has my card payment been declined?,declined_card_payment,declined_card_payment,0.84540933
"I finally got my new card and was very excited to use it today. However, my payment kept declining. What is happening?",declined_card_payment,declined_card_payment,0.7866119
My card payment did not complete.,declined_card_payment,declined_card_payment,0.41062796
My card didn't work in one of the shops.,declined_card_payment,card_not_working,0.43408674
Card payment declined?,declined_card_payment,declined_card_payment,0.8419386
"I tried using my card and it kept getting declined, Why?",declined_card_payment,declined_card_payment,0.6962481
How do you fix  my card payment?,declined_card_payment,reverted_card_payment?,0.33929744
Why do you keep declining my payment? I tried several times already with this card and it's just not working,declined_card_payment,declined_card_payment,0.8499589
"I did transfer, why is it pending",pending_transfer,pending_transfer,0.74137753
How long for money transfer to show?,pending_transfer,transfer_timing,0.432486
Why is my transfer not done yet?,pending_transfer,transfer_not_received_by_recipient,0.2662662
I have a pending transfer,pending_transfer,pending_transfer,0.747612
I am waiting for a pending money transfer to process.,pending_transfer,pending_transfer,0.7176417
i transfered however its still pending,pending_transfer,pending_transfer,0.7463961
I have a transfer that's pending and wanted to know how long it is going to take to process?,pending_transfer,pending_transfer,0.7367671
So the transfer finally worked but now it's been pending for quite a long time. How long do you expect me to wait for it? It's quite urgent,pending_transfer,pending_transfer,0.7372736
I had made a transfer but its still pending.,pending_transfer,pending_transfer,0.74954975
I submitted my transfer but it has been pending for quite a while and I was wondering what takes so long? why hasn't it completed,pending_transfer,pending_transfer,0.70864666
How can I speed up a transfer?  Mine is pending.,pending_transfer,pending_transfer,0.72862655
How long can an EU transfer take?,pending_transfer,transfer_timing,0.59569633
My transfer is still coming up as pending.,pending_transfer,pending_transfer,0.7521498
I'm trying to transfer money to another country. It's just pending and not sending. My account details are correct. Please help me.,pending_transfer,pending_transfer,0.68074125
My transfer is still pending and I know the account numbers are correct.  Please help.,pending_transfer,pending_transfer,0.70217717
"I transferred money yesterday, but it still isn't available?",pending_transfer,balance_not_updated_after_bank_transfer,0.42011562
How long does a transfer stay pending?,pending_transfer,pending_transfer,0.7543434
How long do transfer pend for?,pending_transfer,transfer_timing,0.31849015
Why hasn't my transfer gone through yet?,pending_transfer,pending_transfer,0.39524585
When will the transfer go through?,pending_transfer,transfer_timing,0.4439954
Please explain why the transfers shows up as pending?,pending_transfer,pending_transfer,0.73405856
"I double checked that I have the correct account details , they're right for sure. Transfer is still pending since forever. What should be done now?",pending_transfer,pending_transfer,0.7403884
When will my transfer go through?,pending_transfer,transfer_timing,0.34512186
What is the cause that the transfer shows as pending?,pending_transfer,pending_transfer,0.7497271
When will the transfer be completed?,pending_transfer,transfer_timing,0.46844503
Pending transfer?,pending_transfer,pending_transfer,0.73378164
"I would like to know why my payment is still pending, can you help?",pending_transfer,pending_card_payment,0.8852874
Someone transferred money to me and it doesn't show,pending_transfer,balance_not_updated_after_bank_transfer,0.42522192
How long does a transfer take to be confirmed?,pending_transfer,pending_transfer,0.34244728
I made a transfer 12 hours ago. Why is it still listed as pending?,pending_transfer,pending_transfer,0.74371064
"Why does my transfer say ""pending""?",pending_transfer,pending_transfer,0.7466332
How long can I expect a transfer to pend for?,pending_transfer,transfer_timing,0.4551518
For how long will my transfer be pending?,pending_transfer,pending_transfer,0.75432044
Transferring money in 2018 to another country shouldn't take this long. My transfer has been pending for too long. I verified my account details are correct.,pending_transfer,pending_transfer,0.7207532
Why is a money transfer not showing?,pending_transfer,balance_not_updated_after_bank_transfer,0.47007918
The transfer is coming up as pending the payment is due today. Will I be charged a fee?,pending_transfer,pending_transfer,0.5251786
I am still waiting for a money transfer to show,pending_transfer,pending_transfer,0.54623246
My transfer hasn't gone through yet.,pending_transfer,pending_transfer,0.42053288
I am confused as to why my transfer could still be pending.,pending_transfer,pending_transfer,0.73552316
How long does it take for a money transfer to show?,pending_transfer,pending_transfer,0.33775705
Can you remove my account please?,terminate_account,terminate_account,0.760073
"i want to close an account but im not sure about setting up a new one in the future, what do you recommend",terminate_account,terminate_account,0.75097543
My account needs to be deleted.,terminate_account,terminate_account,0.6985442
I would like to delete my account please.,terminate_account,terminate_account,0.84095156
What steps do I need to take to close my account?,terminate_account,terminate_account,0.83900845
I'm tired of all the problems I've had. I want to quit this account!,terminate_account,terminate_account,0.47096023
Please delete my account right now!,terminate_account,terminate_account,0.83736044
I want to close my account,terminate_account,terminate_account,0.83644795
"unhappy with you, how to delete account",terminate_account,terminate_account,0.8331319
I would like to delete my account.,terminate_account,terminate_account,0.83814627
I am highly unsatisfied with this company and want to delete my account!,terminate_account,terminate_account,0.83132106
I don't like your company. Delete my account.,terminate_account,terminate_account,0.8365218
I would like to close my account.,terminate_account,terminate_account,0.82892483
This company is terrible! Can you delete my account?,terminate_account,terminate_account,0.83487314
"This company is bad, please delete my account.",terminate_account,terminate_account,0.8338782
"please delete my account, your services are not up to par.",terminate_account,terminate_account,0.8328641
I need your help in deleting my account.,terminate_account,terminate_account,0.82717675
"The service of this company sucks, I need to terminate my account.",terminate_account,terminate_account,0.79939955
Delete this account!,terminate_account,terminate_account,0.8314717
How do I get rid of my account ASAP?,terminate_account,terminate_account,0.64814293
"This company isn't good, I would like to delete my account.",terminate_account,terminate_account,0.83736336
Can you delete my account please?,terminate_account,terminate_account,0.84131205
I am not satisfied with your company and would like to delete my accounts!,terminate_account,terminate_account,0.8309775
Please delete my account. I am not happy with the service from your company.,terminate_account,terminate_account,0.8374772
Please terminate my account.,terminate_account,terminate_account,0.8222421
I am sick of this damn company and want to close out my account.,terminate_account,terminate_account,0.80928344
Please close my account. I am unsatisfied with your service.,terminate_account,terminate_account,0.8340846
Please delete my account.,terminate_account,terminate_account,0.837275
"Your service is terrible,.  Delete my account,",terminate_account,terminate_account,0.8392631
I want my account deleted!,terminate_account,terminate_account,0.6934602
I am extremely unhappy with this app and want to get rid of my account?,terminate_account,terminate_account,0.6404462
How do I delete my account?,terminate_account,terminate_account,0.84080404
This company sucks! Can you delete my account?,terminate_account,terminate_account,0.83988434
I wish to close my account. I do not like the service you provide.,terminate_account,terminate_account,0.8223445
Can you help me get rid of my account?,terminate_account,terminate_account,0.76010484
"I don't find your services useful anymore, how do I delete my account?",terminate_account,terminate_account,0.8409526
"Please delete my account, this company is not working for me!",terminate_account,terminate_account,0.83272254
I want to delete my account. I'm unhappy with the service you're providing.,terminate_account,terminate_account,0.8380383
Can you tell me how to close my account?,terminate_account,terminate_account,0.83977515
This company sucks! Can you terminate my account?,terminate_account,terminate_account,0.8101137
"What do I do if an ATM ""stole"" my card?",card_swallowed,card_swallowed,0.25781965
How do I retrieve my card from the machine?,card_swallowed,card_linking,0.27376708
I was retrieving money and my card wouldn't remove.,card_swallowed,cash_withdrawal_not_recognised,0.16759278
What do I do since the machine swallowed my card. I need one.,card_swallowed,card_not_working,0.39049864
HOw do I get my card back after the ATM has pulled it in?,card_swallowed,card_swallowed,0.3757941
Atm took my card,card_swallowed,card_swallowed,0.30898002
Is there a way I can get my ATM card back from the machine?,card_swallowed,card_swallowed,0.2799597
I think the atm ate my card.,card_swallowed,card_swallowed,0.3944294
The ATM didn't give me the card back!,card_swallowed,card_swallowed,0.30911753
How can I get my card out of the damn ATM?,card_swallowed,card_swallowed,0.33470878
The atm won't give my card back!,card_swallowed,card_swallowed,0.30103922
How can I get my card back out?,card_swallowed,card_arrival,0.20838276
The ATM machine stole my card.,card_swallowed,card_swallowed,0.34616718
The ATM at Metro bank on High St. Kensington swallowed my card. How do I get it back?,card_swallowed,card_swallowed,0.32975656
My ATM got stuck and I'm not sure what to do.,card_swallowed,declined_cash_withdrawal,0.60368097
The ATM ate my card.,card_swallowed,card_swallowed,0.38794774
The ATM won't give me my card back.,card_swallowed,card_swallowed,0.31508198
My card was confiscated by an ATM. How do I get my card back?,card_swallowed,card_swallowed,0.29168785
What do I do if the ATM ate my card?,card_swallowed,card_swallowed,0.388755
ATM still has my card,card_swallowed,card_swallowed,0.29940936
What do I do if an ATM ate my card?,card_swallowed,card_swallowed,0.34065846
What happens if the ATM doesn't give me back my card?,card_swallowed,card_swallowed,0.3162064
I can't pull my card out of the ATM. Help me.,card_swallowed,declined_cash_withdrawal,0.33173513
I have a problem!  The ATM stole my card!,card_swallowed,declined_cash_withdrawal,0.3320931
Why would an ATM swallow my card?,card_swallowed,card_swallowed,0.29766002
My card was taken by the ATM.,card_swallowed,card_swallowed,0.36284623
Help!  The atm won't give me my card back.,card_swallowed,card_swallowed,0.3031167
The stupid machine just swallowed my card!! I need a new one ASAP,card_swallowed,card_not_working,0.3110062
How do I retrieve a trapped card from a ATM?,card_swallowed,card_swallowed,0.22581927
"My card is stuck in the ATM, what can I do?",card_swallowed,card_swallowed,0.36994278
I was getting cash and can't get my card back.,card_swallowed,cash_withdrawal_not_recognised,0.2914393
"If my card is trapped in the ATM, what do I do?",card_swallowed,card_swallowed,0.358417
My card has been swallowed by an ATM,card_swallowed,card_swallowed,0.33835918
I was taking out funds and was unable to regain my card.,card_swallowed,cash_withdrawal_not_recognised,0.24913277
What should I do with my atm that got stuck?,card_swallowed,declined_cash_withdrawal,0.5572623
The ATM at Metro bank on High St. Kensington didn't return my card. What should I do now that the bank is closed?,card_swallowed,declined_cash_withdrawal,0.3148159
The ATM won't give back my card,card_swallowed,card_swallowed,0.30252123
I was at an ATM and it swallowed my card.,card_swallowed,card_swallowed,0.31808633
WTF??? I tried to withdraw some money at a Metro bank on High St. Kensington and without any notice it disappeared in the machine. The bank was already closed so I couldn't do anything. How do I get it back?,card_swallowed,declined_cash_withdrawal,0.48582506
What happens if my card is stuck in the ATM?,card_swallowed,card_swallowed,0.36993864
I got double charged for a payment so how do I fix that?,transaction_charged_twice,transaction_charged_twice,0.906964
"I've just come back from an eating holiday in the USA and Canada and have SO many pending and duplicated transactions on my account.  I think there is something wrong, can you look in to it please?",transaction_charged_twice,transaction_charged_twice,0.38115373
Why am I being charged twice fro a restaurant?,transaction_charged_twice,transaction_charged_twice,0.90126145
I would like to know why I was charged twice for my purchase.,transaction_charged_twice,transaction_charged_twice,0.89111376
I didn't buy this twice,transaction_charged_twice,transaction_charged_twice,0.82359207
Why was I chaged twice for the same thing?,transaction_charged_twice,transaction_charged_twice,0.8032912
Why is there more then one charge on my card I only paid for one not twice how can I fix this?,transaction_charged_twice,transaction_charged_twice,0.83131284
I have a duplicate payment showing up on the app. How do I stop myself being charged for the thing twice?,transaction_charged_twice,transaction_charged_twice,0.9117379
Why would I be charged more than once for the same transaction?,transaction_charged_twice,transaction_charged_twice,0.9003137
I was wondering how I could have two charges for the same item happen more than once in a 7 day period. Is there anyway I could get this corrected asap.,transaction_charged_twice,transaction_charged_twice,0.8979508
Can you please check if I was charged twice?,transaction_charged_twice,transaction_charged_twice,0.9043396
I have been charged twice,transaction_charged_twice,transaction_charged_twice,0.9080697
It appears that I am being double charged for some items that I have purchased this past week.  Please review and correct.,transaction_charged_twice,transaction_charged_twice,0.88686013
It looks like this week I was double charged for a couple things. Is there any way that you can look into this for me and return the double charged items back to my card?,transaction_charged_twice,transaction_charged_twice,0.88890153
I noticed after looking over my transactions that I have been charged twice from an earlier restaurant visit this week. Is it possible that one of these can be removed so I get the money back for the one that is not accurate?,transaction_charged_twice,transaction_charged_twice,0.91116285
I think something may have happened that caused a charge to show up twice.,transaction_charged_twice,transaction_charged_twice,0.9070923
Why is there a transaction that shows multiple times?,transaction_charged_twice,transaction_charged_twice,0.90755737
I see what looks like duplicate charges on account.,transaction_charged_twice,transaction_charged_twice,0.89547485
Why was I charged multiple times for the same thing?,transaction_charged_twice,transaction_charged_twice,0.9125639
I had a duplicate card and got charged twice. How do I resolve this?,transaction_charged_twice,transaction_charged_twice,0.868444
Hello. I checked my transactions and saw I was double charged on my card for a restaurant visit. I would like to get my money back.,transaction_charged_twice,transaction_charged_twice,0.8948649
Why am I being charged twice?,transaction_charged_twice,transaction_charged_twice,0.9079836
Transactions on my card look really weird. I've been charged twice for a couple things this week! Please check this and return the double charged ones.,transaction_charged_twice,transaction_charged_twice,0.90991634
Please check payments on my card. There is a duplicate and I only bought it once.,transaction_charged_twice,transaction_charged_twice,0.8805123
"More than one time this week, I have been charged more than once for the same transaction. Please correct the issue and refund the duplicate charges.",transaction_charged_twice,transaction_charged_twice,0.90438426
A transaction is repeated several times on my account.,transaction_charged_twice,transaction_charged_twice,0.75529414
I've been charged more than once for the same transaction,transaction_charged_twice,transaction_charged_twice,0.912948
My card has been charged two separate times for a single transaction.,transaction_charged_twice,transaction_charged_twice,0.90727484
Can you explain why there is a payment showing twice?,transaction_charged_twice,transaction_charged_twice,0.90736055
Why have I been charged twice for the same transaction?,transaction_charged_twice,transaction_charged_twice,0.90779984
I see that I have been charged multiple times for the same transaction.,transaction_charged_twice,transaction_charged_twice,0.91532946
I was double charged,transaction_charged_twice,transaction_charged_twice,0.9033415
I have multiple charges on the same transaction.,transaction_charged_twice,transaction_charged_twice,0.895504
"Looks like my card payment was duplicated. I went to pay at the store earlier, got declined once,second time it works. App still stays pending for one of the payments. Can you please remove one of them as it's wrong and clearly was declined?",transaction_charged_twice,transaction_charged_twice,0.8724554
I have a transaction that shows several times,transaction_charged_twice,transaction_charged_twice,0.89146197
I recently got charged twice from a restaurant that I was at this week and I would like for one of those payments to be removed from my account.,transaction_charged_twice,transaction_charged_twice,0.9104796
There is more than one of the same transaction on my account.,transaction_charged_twice,transaction_charged_twice,0.8265216
I have a duplicate payment showing,transaction_charged_twice,transaction_charged_twice,0.8865949
I made a payment that got charged twice instead of once.,transaction_charged_twice,transaction_charged_twice,0.89385736
What are my remedies if I think I was charged twice for the same expense?,transaction_charged_twice,transaction_charged_twice,0.8897443
Can I verify the source of my funds?,verify_source_of_funds,verify_source_of_funds,0.83652925
I want information about the source of funds.,verify_source_of_funds,verify_source_of_funds,0.83828706
Where are my funds being sourced from?,verify_source_of_funds,verify_source_of_funds,0.8161671
I would like to verify the source of my money,verify_source_of_funds,verify_source_of_funds,0.79875445
where to funds come from,verify_source_of_funds,verify_source_of_funds,0.8098016
What is the source of my funds.,verify_source_of_funds,verify_source_of_funds,0.82505274
I need to verify my source of funds,verify_source_of_funds,verify_source_of_funds,0.8372358
I would like to see the source of my money.,verify_source_of_funds,verify_source_of_funds,0.81561744
Why do you need all this information about my Source of Funds?,verify_source_of_funds,verify_source_of_funds,0.83904153
How can I check the source of funds?,verify_source_of_funds,verify_source_of_funds,0.8240699
How can I tell where my funds came from?,verify_source_of_funds,verify_source_of_funds,0.8391435
What is the source of my available funds?,verify_source_of_funds,verify_source_of_funds,0.83651686
Can I find the origination of my funds?,verify_source_of_funds,verify_source_of_funds,0.7865535
My source of funds need verified.,verify_source_of_funds,verify_source_of_funds,0.82576555
What information do you need to verify my Source of Funds?,verify_source_of_funds,verify_source_of_funds,0.8278656
I need the source of my funds verified. How do I do this?,verify_source_of_funds,verify_source_of_funds,0.8205791
I need my funds verified.,verify_source_of_funds,verify_source_of_funds,0.7471581
Help me check where the funds came from.,verify_source_of_funds,verify_source_of_funds,0.8223824
I want to know where the funds come from.,verify_source_of_funds,verify_source_of_funds,0.8392105
What is the source of my money?,verify_source_of_funds,verify_source_of_funds,0.8031697
Where can I find the source of my available money?,verify_source_of_funds,verify_source_of_funds,0.82076263
How can I lookup where funds came from?,verify_source_of_funds,verify_source_of_funds,0.83536947
Can I see that history on my funds and where they came from?,verify_source_of_funds,verify_source_of_funds,0.8358809
I have to verify the source of my funds,verify_source_of_funds,verify_source_of_funds,0.834538
How can I view the source of my available funds?,verify_source_of_funds,verify_source_of_funds,0.8389282
Why does my money come from?,verify_source_of_funds,verify_source_of_funds,0.7193199
I need to validate the source of my funds.,verify_source_of_funds,verify_source_of_funds,0.8279426
Where are my funds coming from? I need to know.,verify_source_of_funds,verify_source_of_funds,0.8413995
Where has my available money come from?,verify_source_of_funds,verify_source_of_funds,0.7986165
Why do you need to know where my money is coming from?,verify_source_of_funds,verify_source_of_funds,0.79873633
How can I see where my money comes from?,verify_source_of_funds,verify_source_of_funds,0.79427725
How can I check the source for my funds?,verify_source_of_funds,verify_source_of_funds,0.83368576
Where can I see the source of my money?,verify_source_of_funds,verify_source_of_funds,0.81178164
"what is source of my funds, need to verify",verify_source_of_funds,verify_source_of_funds,0.83675313
Where do my funds come from?,verify_source_of_funds,verify_source_of_funds,0.83506393
How can I check the source of my fund?,verify_source_of_funds,verify_source_of_funds,0.8153312
How can I see my source of funds?,verify_source_of_funds,verify_source_of_funds,0.8387413
How do I become aware of where my funds come from?,verify_source_of_funds,verify_source_of_funds,0.834481
Where does all this money come from though?,verify_source_of_funds,verify_source_of_funds,0.74216
What do I need to do to verify the source of my funds?,verify_source_of_funds,verify_source_of_funds,0.83679175
What is the number of days I have to wait for my Europe transfer?,transfer_timing,transfer_timing,0.64589167
What is the wait time for a transfer from the US?,transfer_timing,transfer_timing,0.7366574
I need a fast transfer from China?  How fast will it be?,transfer_timing,transfer_timing,0.6704873
how soon will I see the transfer in my account?,transfer_timing,transfer_timing,0.56968904
How many days does it take until funds are in my account?,transfer_timing,transfer_timing,0.41233945
How long until my transfer goes through?,transfer_timing,pending_transfer,0.3576014
Do transfers from Europe take longer?,transfer_timing,transfer_timing,0.59112597
What is the fastest that I can make a transfer?,transfer_timing,transfer_timing,0.2713187
how long dies it take for transfers to reflect on my balance,transfer_timing,balance_not_updated_after_bank_transfer,0.5767574
"If I started the Bank transfer from Europe, how long will the process take to complete?",transfer_timing,transfer_timing,0.61738783
How long until the money is in my account?,transfer_timing,transfer_timing,0.36854276
When will a transfer reach my account?,transfer_timing,transfer_timing,0.69232565
When should I expect to see my transfer hit my account?,transfer_timing,transfer_timing,0.46641374
Will my transfer immediately show up in my account?,transfer_timing,balance_not_updated_after_bank_transfer,0.5424526
"If I need to do a quick transfer from China, how long should I expect the transfer to take?",transfer_timing,transfer_timing,0.7529404
When does the money get transferred to my account,transfer_timing,balance_not_updated_after_bank_transfer,0.39943266
How long do i have to wait for a transfer to reach my account?,transfer_timing,transfer_timing,0.64087456
How long does it take for funds to come through the US to my account?,transfer_timing,transfer_timing,0.393353
How long is my Europe transfer wait?,transfer_timing,transfer_timing,0.59278566
How many days does a transfer from the US take?,transfer_timing,transfer_timing,0.7422942
How long do I have to wait for a transfer from the US?,transfer_timing,transfer_timing,0.74376374
How long is the wait for a US transfer?,transfer_timing,transfer_timing,0.67724967
How many days until the money will be in my account?,transfer_timing,transfer_timing,0.39132428
How long does it take for a transfer?,transfer_timing,transfer_timing,0.6394484
What is the time frame for a transfer from the US?,transfer_timing,transfer_timing,0.7065266
when will i receive a US transfer,transfer_timing,transfer_timing,0.68398094
Approximately how long will an urgent transfer from China take?,transfer_timing,transfer_timing,0.74480265
"I initiated a Bank transfer form Europe, how long will this take?",transfer_timing,transfer_timing,0.46207085
How long does it take to process transfers from Europe?,transfer_timing,transfer_timing,0.74866015
How long does a funds transfer take from one back to another?,transfer_timing,transfer_timing,0.5835711
What would the approximate delivery date be if I transferred something urgently to China?,transfer_timing,transfer_timing,0.55241746
I have to transfer something to China as fast as I can. How long will it take to arrive in China?,transfer_timing,transfer_timing,0.7164776
How long to I have to wait for a transfer to reach my account?,transfer_timing,transfer_timing,0.65072715
How long is it going to take for my funds to show in my account?,transfer_timing,transfer_timing,0.22666574
"How long does a transfer take from the point it's sent, to the point it arrives in my account?",transfer_timing,transfer_timing,0.5294738
How long will it take for the transfer to reach my account?,transfer_timing,transfer_timing,0.7105782
If my transfer is from Europe how long will it take?,transfer_timing,transfer_timing,0.75836664
There is an important thing from China that I need to transfer. Approximately how long will this take?,transfer_timing,transfer_timing,0.7578954
How long does a transfer take from china?,transfer_timing,transfer_timing,0.76642776
When will money be available in my account?,transfer_timing,transfer_timing,0.42511833
I think my card payment has been stopped,reverted_card_payment?,reverted_card_payment?,0.7536397
My card payment was reverted.  Why?,reverted_card_payment?,reverted_card_payment?,0.85888416
the app reverted my payment,reverted_card_payment?,reverted_card_payment?,0.8505776
My card payment was cancelled.,reverted_card_payment?,reverted_card_payment?,0.8521688
Why was my payment cancelled?,reverted_card_payment?,reverted_card_payment?,0.8467088
I made a payment but the app reverted the payment.,reverted_card_payment?,reverted_card_payment?,0.8278747
My payment was reverted by the app,reverted_card_payment?,reverted_card_payment?,0.8607963
"Hello, My money went through for my purchase but now I got contacted from the seller noting that they didn't receive it. Then the money was returned to my account and I'm not sure why this occurred. So if you can resolve this issue please.",reverted_card_payment?,reverted_card_payment?,0.66284704
Please explain to me the circumstances in which my card payment would be reverted?,reverted_card_payment?,reverted_card_payment?,0.84869915
Why has my card payment been cancelled?,reverted_card_payment?,reverted_card_payment?,0.85995716
What do I do if it says my card payment has been cancelled?,reverted_card_payment?,reverted_card_payment?,0.85431546
I'm not sure why my account has been refunded a payment for an item I've already received about 2 weeks ago. Can you please tell me what is going on?,reverted_card_payment?,request_refund,0.451626
My card is being declined for a purchase. I bought items before and the card worked. Do you know what the problem is?,reverted_card_payment?,declined_card_payment,0.72405833
Can you tell my why my card payment has been reverted.,reverted_card_payment?,reverted_card_payment?,0.8494557
why did the app refuse to make an approved payment,reverted_card_payment?,declined_card_payment,0.3561657
Do you know why my card payment was reverted?,reverted_card_payment?,reverted_card_payment?,0.8432004
My credit card cancelled a payment for a purchase.,reverted_card_payment?,reverted_card_payment?,0.5963315
Why was my payment reversed?,reverted_card_payment?,reverted_card_payment?,0.78043664
I have a payment listed as cancelled.,reverted_card_payment?,reverted_card_payment?,0.8180914
I think my card payment had been return,reverted_card_payment?,reverted_card_payment?,0.7781404
I was contacted by a seller with a message that they never received my money. I am 100% sure it was taken from my account so I definitely need this sorted out soon.,reverted_card_payment?,reverted_card_payment?,0.40869173
what happens to the funds if a merchant refuses the payment,reverted_card_payment?,declined_card_payment,0.5758319
"I am attempting to make a purchase online, but my card is not working.  I know there are funds available, is this an issue on the banks end?",reverted_card_payment?,declined_card_payment,0.28975886
Why was my card payment cancelled?,reverted_card_payment?,reverted_card_payment?,0.8505832
Why has my card payment been reverted?,reverted_card_payment?,reverted_card_payment?,0.85532755
"There must be an issue, why has my card been cancelled?",reverted_card_payment?,reverted_card_payment?,0.11064203
I bought something and the money appeared back into my account? Why?,reverted_card_payment?,reverted_card_payment?,0.5904782
My account shows the card payment cancelled.,reverted_card_payment?,reverted_card_payment?,0.8461806
"I'm not sure why my card payment was cancelled, can you find out why?",reverted_card_payment?,reverted_card_payment?,0.84727895
What is the reason that my card payment was cancelled?,reverted_card_payment?,reverted_card_payment?,0.8482263
"Hi, I would like to file a claim for an inquiry. I am a frequent customer of the company in question and have never had any issue with my purchases, payments, or otherwise. However, the price deducted for an item I purchased a couple of weeks ago has been returned to my checking account. Was there an issue with my payment? The item has already been delivered to me.",reverted_card_payment?,direct_debit_payment_not_recognised,0.2741059
Why was my card payment reverted?,reverted_card_payment?,reverted_card_payment?,0.85143477
Why does the app revert a payment?,reverted_card_payment?,reverted_card_payment?,0.7041999
I did a payment but the app reverted it,reverted_card_payment?,reverted_card_payment?,0.83944035
What happens if a merchant doesn't accept a payment?,reverted_card_payment?,declined_card_payment,0.40362716
There was a canceled payment for my card.,reverted_card_payment?,reverted_card_payment?,0.7630581
My transaction to pay for an item was returned to my account.,reverted_card_payment?,reverted_card_payment?,0.6074717
Someone stopped my payment,reverted_card_payment?,reverted_card_payment?,0.57742745
"If my card payment is cancelled, what should I do?",reverted_card_payment?,reverted_card_payment?,0.8445233
Why has payment been returned?,reverted_card_payment?,reverted_card_payment?,0.84127384
What kind of cash machines would allow me to change my PIN?,change_pin,change_pin,0.8698863
Where do I change my PIN?,change_pin,change_pin,0.86138886
Is the bank the only place I can change my PIN>,change_pin,change_pin,0.86191565
"If I am overseas, how do I change my pin?",change_pin,change_pin,0.85774
Can i change my PIN at the ATM?,change_pin,change_pin,0.86584467
How might  I change my PIN?,change_pin,change_pin,0.8613918
I would like to change my PIN but I am not currently in the country.,change_pin,change_pin,0.8614291
I would like to change my card PIN.,change_pin,change_pin,0.8642049
I want to set a new PIN,change_pin,change_pin,0.76467603
"I desperately need to change my PIN, but I'm overseas on vacation right now. How can I do this?",change_pin,change_pin,0.8555371
I need a new Pin how do I go about that?,change_pin,change_pin,0.7528568
Is there a location near me that i can change my PIN?,change_pin,change_pin,0.86832976
In what ATM can I change my pin?,change_pin,change_pin,0.8650942
I'd like to make a new PIN selection.,change_pin,change_pin,0.5723239
How do I set a new pin?,change_pin,change_pin,0.78842497
How do I update my PIN to a new number?,change_pin,change_pin,0.73794645
How can I change my Tholepin ?,change_pin,change_pin,0.42041484
My new pin needs to be set.,change_pin,change_pin,0.44594845
I want to choose a different PIN.,change_pin,change_pin,0.79923856
I would like to change my pin.,change_pin,change_pin,0.8673237
Am I able to change my PIN at any cash machines?,change_pin,change_pin,0.8713266
I am travelling for two more weeks but really need to change my PIN asap. What do I do?,change_pin,change_pin,0.84876657
I need to change my PIN. Can I do that at a cash machine?,change_pin,change_pin,0.8708711
Do cash machines let me change my pin?,change_pin,change_pin,0.8691142
How do I change my PIN?,change_pin,change_pin,0.8625834
I need to change my PIN.,change_pin,change_pin,0.86978066
May I receive a different card pin,change_pin,change_pin,0.44307378
What do I need to do to change my PIN?,change_pin,change_pin,0.86770225
Help me set up a new PIN?,change_pin,change_pin,0.7891635
Which cash machines will allow me to change my PIN?,change_pin,change_pin,0.8712757
"I am in Austria right now. I need to change my PIN ASAP, so can I still do this from here?",change_pin,change_pin,0.8497994
Where can I find instructions to change my PIN?,change_pin,change_pin,0.86839247
I need to change my pin but I am on the road.,change_pin,change_pin,0.8647752
How do I update the PIN on my account?,change_pin,change_pin,0.45585445
I need a new PIN.,change_pin,change_pin,0.7927248
Show me how to change my pin?,change_pin,change_pin,0.86703724
Please tell me which cash machines will allow me to change my pin.,change_pin,change_pin,0.86978775
What steps do I need to take to change my card PIN?,change_pin,change_pin,0.86368597
How to change the PIN on my card?,change_pin,change_pin,0.85507506
How can I change the PIN?  Do I have to go to a real bank?,change_pin,change_pin,0.8632625
I've tried numerous times to submit a transfer of funds. Why isn't it going through?,beneficiary_not_allowed,failed_transfer,0.55074316
I've transferred money before without issue but now I am encountering an error stating that it isn't possible. Why is that?,beneficiary_not_allowed,beneficiary_not_allowed,0.27165088
I am not able to do a transfer to an account,beneficiary_not_allowed,beneficiary_not_allowed,0.74168533
I was unable to make a transfer to another account.,beneficiary_not_allowed,beneficiary_not_allowed,0.7051426
I had a transfer blocked,beneficiary_not_allowed,cancel_transfer,0.43320698
Can you please help me with this exchange?  I am trying to get crypto and the app won't let me.,beneficiary_not_allowed,beneficiary_not_allowed,0.6737741
How do I do a successful transfer to an account?,beneficiary_not_allowed,beneficiary_not_allowed,0.38608795
Why did I get a message saying that my transfer is not possible?  I have done this before no problem.  Please fix.,beneficiary_not_allowed,beneficiary_not_allowed,0.7021336
"Hey I want to buy some crypto but the app doesn't allow me to! What's the issue, I really want to exchange this",beneficiary_not_allowed,beneficiary_not_allowed,0.70993704
I tried to transfer money but it said it wasn't possible? I've done this before and it worked why isn't it working now?,beneficiary_not_allowed,failed_transfer,0.6134539
Why can't I transfer to a beneficiary?,beneficiary_not_allowed,beneficiary_not_allowed,0.89903677
I am having problems transferring to a beneficiary.,beneficiary_not_allowed,beneficiary_not_allowed,0.8970365
What's the deal with no cryptocurrency on your app?,beneficiary_not_allowed,beneficiary_not_allowed,0.70607764
Why isn't my transfer not going through? I keep getting an error message.,beneficiary_not_allowed,beneficiary_not_allowed,0.757264
What are the rules for transferring to a beneficiary?,beneficiary_not_allowed,beneficiary_not_allowed,0.88980865
Can I transfer money to a beneficiery?,beneficiary_not_allowed,beneficiary_not_allowed,0.87945336
I have tried transferring money numerous times.  All I keep getting is an error message.  Can you tell me what is going on and how this van be fixed?,beneficiary_not_allowed,beneficiary_not_allowed,0.5912861
I have a cryptocurrency exchange that won't go through. Please help me process it.,beneficiary_not_allowed,beneficiary_not_allowed,0.6162065
Why wasn't I able to transfer to another account?,beneficiary_not_allowed,beneficiary_not_allowed,0.75300145
The money would not transfer to a beneficiary.,beneficiary_not_allowed,beneficiary_not_allowed,0.8979742
How come I'm not allowed to transfer funds right now? I just keep getting an error message.,beneficiary_not_allowed,beneficiary_not_allowed,0.6353331
I couldn't do a transfer to an account,beneficiary_not_allowed,beneficiary_not_allowed,0.745844
A transfer to an account was not allowed,beneficiary_not_allowed,beneficiary_not_allowed,0.75200844
Why did I receive an error message saying that my transfer was not possible?,beneficiary_not_allowed,beneficiary_not_allowed,0.7246497
Explain why I can't do a transfer to a beneficiary.,beneficiary_not_allowed,beneficiary_not_allowed,0.8976198
My transfer to beneficiary didn't go through,beneficiary_not_allowed,beneficiary_not_allowed,0.8900801
Why isn't my transfer going through? I get a message saying it's not possible. I've had no issues in the past.,beneficiary_not_allowed,beneficiary_not_allowed,0.5164128
I couldn't make a transfer to a beneficiary!,beneficiary_not_allowed,beneficiary_not_allowed,0.8956489
"My beneficiary has been denied, is this normal?",beneficiary_not_allowed,beneficiary_not_allowed,0.87969923
I am trying to exchange crypto and it's not working. Tell me how to fix this.,beneficiary_not_allowed,beneficiary_not_allowed,0.59798086
The account transfer I was trying to do failed.,beneficiary_not_allowed,failed_transfer,0.61004966
"My beneficiary is not allowed, please may I have answer as to why this is?",beneficiary_not_allowed,beneficiary_not_allowed,0.8945936
Why couldn't I do a transfer to a beneficiary?,beneficiary_not_allowed,beneficiary_not_allowed,0.8993642
Why would i not be able to do a transfer to a beneficiary?,beneficiary_not_allowed,beneficiary_not_allowed,0.8996434
I want to transfer money to a beneficiery. Why can't I?,beneficiary_not_allowed,beneficiary_not_allowed,0.88998055
Can you help with a transfer to an account,beneficiary_not_allowed,transfer_into_account,0.31423184
why isnt my account allowing transfers,beneficiary_not_allowed,beneficiary_not_allowed,0.6063689
"I want to buy cryptocurrency, but your app doesn't let me. Why?",beneficiary_not_allowed,beneficiary_not_allowed,0.7569884
i tried to make a transfer to a beneficiary and it didn't go through,beneficiary_not_allowed,beneficiary_not_allowed,0.89220464
Why was a transfer to an account not allowed?,beneficiary_not_allowed,beneficiary_not_allowed,0.773469
"When I made a transfer, there was a fee.  Why?",transfer_fee_charged,transfer_fee_charged,0.8406813
I was charged a fee for my transfer.,transfer_fee_charged,transfer_fee_charged,0.81562287
Is there a reason I was charged a fee to transfer?,transfer_fee_charged,transfer_fee_charged,0.7944535
Why was a charged just for transferring?,transfer_fee_charged,transfer_fee_charged,0.7703841
I had to pay in order to do a transfer,transfer_fee_charged,transfer_fee_charged,0.24172685
What is the transfer fee charge?,transfer_fee_charged,transfer_fee_charged,0.73280525
Why was I charged extra for transferring money?,transfer_fee_charged,transfer_fee_charged,0.81757927
im not paying this transfer fee,transfer_fee_charged,transfer_fee_charged,0.78648204
I am being charged a transfer fee aren't they free?,transfer_fee_charged,transfer_fee_charged,0.8032651
What is the maximum I can transfer before I incur fees?,transfer_fee_charged,transfer_fee_charged,0.62597406
I got 2 transfer fees and I thought transfers were free.,transfer_fee_charged,transfer_fee_charged,0.8097836
Why am I being charged a fee for transferring money?,transfer_fee_charged,transfer_fee_charged,0.8119002
Do charge fees for transfers?,transfer_fee_charged,top_up_by_bank_transfer_charge,0.43203944
"I recently got a new place while I'm staying abroad and have been using this account to manage payments, but suddenly I am seeing fees increase. Where are these additional fees coming from?",transfer_fee_charged,transfer_fee_charged,0.7054735
"Hi,  Please help me, as i have transferred some amount but receiver did not get the same amount. He received a bit less. Due to this again i need to transfer the difference.   I have transferred money but beneficiary's account is credited with less amount. Now i have transfer the difference of the amount. I think there is some issue, could you please look into this.",transfer_fee_charged,transfer_fee_charged,0.77115726
"Why did I get charged for something I bought online? Even though it was international, I thought it would be covered.",transfer_fee_charged,transfer_fee_charged,0.17086752
Why were there additional charges when transferring?,transfer_fee_charged,transfer_fee_charged,0.80556697
I was charged more when I transferred!,transfer_fee_charged,transfer_fee_charged,0.7719519
Is there a transfer fee?,transfer_fee_charged,transfer_fee_charged,0.72938347
I'm not sure why I was charged an extra fee for transferring funds.,transfer_fee_charged,transfer_fee_charged,0.8372086
"I thought transfers were free, why was I charged a fee?",transfer_fee_charged,transfer_fee_charged,0.81844413
"My receipt shows an extra charge on my transfer, why is this?",transfer_fee_charged,transfer_fee_charged,0.804575
"I was charged a fee when making this transfer, and I don't think I should have been!",transfer_fee_charged,transfer_fee_charged,0.82522005
"I sent out money, but was charged extra for transferring. Why?",transfer_fee_charged,transfer_fee_charged,0.7977419
Why am I seeing a transfer fee?,transfer_fee_charged,transfer_fee_charged,0.8290106
There was an extra charge when I made a transfer.,transfer_fee_charged,transfer_fee_charged,0.8215025
I need someone to alert me as to what's going on. I had transferred an amount but the receiver is saying that the amount is somewhat less than what I sent over. I now have to make another transfer to make up the difference.,transfer_fee_charged,transfer_fee_charged,0.7681444
"I was charge a fee for my transfer, why?",transfer_fee_charged,transfer_fee_charged,0.81677204
Why was there a fee for my transfer?,transfer_fee_charged,transfer_fee_charged,0.8255189
Why was my transfer charged fees?,transfer_fee_charged,transfer_fee_charged,0.79058135
Is there supposed to be a fee for the transfer I made?,transfer_fee_charged,transfer_fee_charged,0.7691375
In the past month I often used this account to manage payments for my new holiday villa. Now all of a sudden your fees have increased exorbitantly! Don't you have a rewards programme for frequent users?,transfer_fee_charged,transfer_fee_charged,0.6113975
Why was I charged a fee for a transfer?,transfer_fee_charged,transfer_fee_charged,0.8148787
What extra charges are there?,transfer_fee_charged,card_payment_fee_charged,0.62157655
I know that I am able to make transfers for free.  That was something that I valued.  After I bought something online from abroad I noticed that I got charged a fee?  What is this and can it be removed?,transfer_fee_charged,transfer_fee_charged,0.81587803
I transferred money and was charged and want to know why.,transfer_fee_charged,transfer_fee_charged,0.7362485
I was charged for something I didn't expect,transfer_fee_charged,card_payment_fee_charged,0.3504638
"I purchased some makeup through a site in China, and I was under the impression that when I make transfers there is no fee.  Why am I seeing this fee now?  I am not happy about this at all.",transfer_fee_charged,transfer_fee_charged,0.8083466
I got charged and extra fee when I transferred money so why was I charged?,transfer_fee_charged,transfer_fee_charged,0.8300854
Can you explain the transfer fee to me?,transfer_fee_charged,transfer_fee_charged,0.754259
Will salary be received through this?,receiving_money,receiving_money,0.6269686
How can I get paid in a different currency?,receiving_money,exchange_charge,0.20533729
Can I receive my salary in a currency other than what it is deposited in?,receiving_money,receiving_money,0.6523219
Can I get my salary through this?,receiving_money,receiving_money,0.6569117
How can someone send me money?,receiving_money,receiving_money,0.5682767
Is there a problem with receiving my salary in GBP?,receiving_money,receiving_money,0.66015404
Do I need to choose GBP to get my salary deposited properly?,receiving_money,receiving_money,0.6544978
"I get paid in GBP. Should I configure this and if so, where?",receiving_money,receiving_money,0.35445717
Is it possible for me to get money out in a different currency?,receiving_money,fiat_currency_support,0.20516567
Can I use this to receive my salary?,receiving_money,receiving_money,0.6659455
My salary is received in the form of GBP. Do I need to do anything specific to configure this?,receiving_money,receiving_money,0.6791286
How do people send me money?,receiving_money,receiving_money,0.4706506
Is GBP a supported currency?,receiving_money,exchange_via_app,0.6367961
Do I need to establish I am paid in GBP before a transfer?,receiving_money,receiving_money,0.39801654
"Salary in GBP has been received, does it need to be configured elsewhere?",receiving_money,receiving_money,0.69115525
How do i get my salary in the account?,receiving_money,receiving_money,0.6702844
What are the ways for others to transfer me money?,receiving_money,transfer_into_account,0.43197808
What different ways are there for someone to send me money?,receiving_money,receiving_money,0.571403
What do I need to do to transfer my paycheck to my account?,receiving_money,receiving_money,0.4040712
How can my friend send me money?,receiving_money,receiving_money,0.6389163
Can I directly transfer my salary onto here?,receiving_money,receiving_money,0.6801065
Can this be used to receive my salary?,receiving_money,receiving_money,0.66948384
Is it possible to deposit money in GBP?,receiving_money,exchange_via_app,0.5197994
I received my salary in GBP. How do I change this to my currency?,receiving_money,receiving_money,0.614184
How can my friend transfer money to me?,receiving_money,transfer_into_account,0.23554827
Can my friends send me money?,receiving_money,receiving_money,0.5596095
How do I deposit my paycheck to this account?,receiving_money,apple_pay_or_google_pay,0.22890964
Can I use this account to receive my salary?,receiving_money,receiving_money,0.6802749
Can i deposit my salary to this account?,receiving_money,receiving_money,0.64687437
How do I get my salary through this account?,receiving_money,receiving_money,0.6637981
What if I need my salary in a different currency?,receiving_money,receiving_money,0.6870874
I receive my salary in GBP. Do I need to configure this somehwere?,receiving_money,receiving_money,0.6845867
Do you know if I can use this for my salary?,receiving_money,receiving_money,0.6704681
How do I get my paycheck through this?,receiving_money,receiving_money,0.30208856
can I transfer my salary if it's in a different currency?,receiving_money,receiving_money,0.66609603
Can I get paid in a different currency?,receiving_money,exchange_charge,0.23104227
Is my salary eligible for this?,receiving_money,receiving_money,0.65794605
My salary is in GBP; how can I note this in the app?,receiving_money,receiving_money,0.67683583
Can I get paid in another currency?,receiving_money,exchange_via_app,0.25382242
Can I get my paycheck through here?,receiving_money,receiving_money,0.31362593
dont understand why transfer failed,failed_transfer,failed_transfer,0.7218622
Please help me make a transfer. I keep receiving an error and I'm trying to make the initial mortgage payment for a flat I'm buying. What is the deal here?,failed_transfer,failed_transfer,0.63868505
My transfer didn't work,failed_transfer,failed_transfer,0.6830901
"Fix your system. I can't make transfers, I've tried like 5 times already.",failed_transfer,failed_transfer,0.6797306
Tell me why my transfer failed!,failed_transfer,failed_transfer,0.7468622
My transfer did not go through.,failed_transfer,failed_transfer,0.6381752
Why was I not able to complete a transfer?,failed_transfer,failed_transfer,0.6158457
Can you help me figure out what's happening? I'm trying to transfer money to a friend but it keeps getting returned. I'm not sure what i'm doing wrong.,failed_transfer,failed_transfer,0.29241258
Why did my transfer not go through?,failed_transfer,failed_transfer,0.67141527
My transfer didn't go through.,failed_transfer,failed_transfer,0.6408436
I could not get my transfer to happen correctly and was wondering why?,failed_transfer,failed_transfer,0.56063664
how come my transfer didn't work,failed_transfer,failed_transfer,0.71107644
"I transferred my funds, why did it not go through?",failed_transfer,failed_transfer,0.26269394
Why has my transfer failed?,failed_transfer,failed_transfer,0.7483139
Why did my transfer fail?,failed_transfer,failed_transfer,0.7433929
Why hasn't my transfer been made?,failed_transfer,balance_not_updated_after_bank_transfer,0.26099676
My transfer will not go through.,failed_transfer,failed_transfer,0.5804584
My transfer keeps failing and I just want to transfer the money can you please make it work?,failed_transfer,failed_transfer,0.7380185
"The transfer keeps failing , I tried to transfer some money to friends this morning but it keeps getting rejected for some reason, Would you please check the issue ?",failed_transfer,failed_transfer,0.642214
Why would a transfer fail?,failed_transfer,failed_transfer,0.6952065
What are your policies for card transfers?,failed_transfer,order_physical_card,0.1226517
Is the system down? I've been trying to do a transfer and have failed?,failed_transfer,failed_transfer,0.72410446
I tried to make a transfer but it failed,failed_transfer,failed_transfer,0.7075785
Why couldn't I complete a transfer?,failed_transfer,failed_transfer,0.6877324
My transfer appeared not to work.,failed_transfer,failed_transfer,0.6740489
What is stopping my money from transferring?,failed_transfer,beneficiary_not_allowed,0.22309642
"Hi, I'm buying a flat and I'm trying to get my mortgage to go though. Every time I check I simply get an error message. Is there any way you can help me get this money transferred over. Thanks!",failed_transfer,failed_transfer,0.6332919
My attempted transfer failed.,failed_transfer,failed_transfer,0.742355
"I can not seem to make a successful transfer, can you tell me what I'm doing wrong?",failed_transfer,failed_transfer,0.66571397
"Please help me as i am continuously facing the issue in transferring money to my friends, as all my transactions are getting failed.",failed_transfer,failed_transfer,0.6773873
"I am trying to make a transfer and am unsuccessful, can you please tell me why?",failed_transfer,failed_transfer,0.6838533
My transfer did not seem to work.,failed_transfer,failed_transfer,0.6824818
"I've now been trying to do a really standard transfer 5 times already. What's going on, is your system broken or something?!",failed_transfer,failed_transfer,0.67806435
help me with my transfer,failed_transfer,balance_not_updated_after_bank_transfer,0.19372113
Says my transfer can't be completed?,failed_transfer,failed_transfer,0.5464934
can you tell me why my transfer failed?,failed_transfer,failed_transfer,0.74716324
Why didn't my transfer go through?,failed_transfer,failed_transfer,0.68620306
I've attempted to do a very standard transfer and have tried 5 times at this point. Can you tell me what the issue is? Is the system down?,failed_transfer,failed_transfer,0.6868116
Can you provide a reason as to why my transfer did not work?,failed_transfer,failed_transfer,0.63789445
I tried to transfer money and it did not work.,failed_transfer,failed_transfer,0.7352311
Can I do a bank transfer to put additional money in my account because I am out of money?,transfer_into_account,transfer_into_account,0.6020624
"I'm out of money, can I add money with my bank?",transfer_into_account,topping_up_by_card,0.19819097
How do I go forth on transferring money into my account?,transfer_into_account,transfer_into_account,0.7370522
"I don't understand how to top up my account, can you please explain the process?",transfer_into_account,topping_up_by_card,0.31632835
I don't understand the money transfer process.,transfer_into_account,failed_transfer,0.3202752
"I need to transfer money into my account, how do I go about doing this?",transfer_into_account,transfer_into_account,0.74259967
What do I need to do to transfer money into my account?,transfer_into_account,transfer_into_account,0.744233
I don't know what to do. Should I transfer funds. My account is out of money.,transfer_into_account,transfer_into_account,0.5601908
Can I add funds to the card directly from my bank account?,transfer_into_account,topping_up_by_card,0.36412868
How does tranferring money into my account work?,transfer_into_account,transfer_into_account,0.51399595
I NEED TO KNOW HOW TO TRANSFER MONEY INTO MY BANK ACCOUNT. PLEASE HELP,transfer_into_account,transfer_into_account,0.72701716
I would like to transfer some money from my other bank account into this one.,transfer_into_account,transfer_into_account,0.7333266
"When I want to transfer money to my account, how can I do that?",transfer_into_account,transfer_into_account,0.61730546
I need to transfer funds into my account. How can I do this?,transfer_into_account,transfer_into_account,0.67758197
What are the steps I follow to transfer money into my account?,transfer_into_account,transfer_into_account,0.75724787
How can I transfer funds from my bank to my top up account?,transfer_into_account,transfer_into_account,0.33026114
I want to top my account by using a bank transfer. How would that work?,transfer_into_account,transfer_into_account,0.6840161
How to I transfer my funds into my account?,transfer_into_account,transfer_into_account,0.642848
How do I top up my card?,transfer_into_account,topping_up_by_card,0.5130909
How can I transfer money from an outside bank?,transfer_into_account,transfer_into_account,0.67607087
How can I fund my top-up account using my bank account?,transfer_into_account,topping_up_by_card,0.22677782
What methods can I use to add money to my account?,transfer_into_account,supported_cards_and_currencies,0.2422708
"I would like to use the bank transfer feature, but I can't find it. Can you please give me the details?",transfer_into_account,transfer_into_account,0.43066537
How can I perform a dual money transferring from one account to another?,transfer_into_account,transfer_into_account,0.5212732
CAN YOU EXPLAIN HOW TO TRANSFER MONEY INTO MY  ACCOUNT FOR ME?,transfer_into_account,transfer_into_account,0.73113024
"I need to bank account transfer from another account into this one, what is the easiest way that can be done, and what information do i need?",transfer_into_account,transfer_into_account,0.7052124
How do I transfer money to my account?,transfer_into_account,transfer_into_account,0.7442668
How do I send my account money through transfer?,transfer_into_account,transfer_into_account,0.56470346
How do I do an international transfer?,transfer_into_account,transfer_into_account,0.18564174
Are there ways to transfer money into my account?,transfer_into_account,transfer_into_account,0.7409853
I want to transfer from accounts in order to Top up. What are the steps necessary.,transfer_into_account,transfer_into_account,0.27593386
How does a transfer work?,transfer_into_account,failed_transfer,0.28038377
"I would like use the bank transfer, but I don't understand the process, can you please explain, topping up?",transfer_into_account,transfer_into_account,0.40378582
I want to use bank transfer for topping up my account. How is it handled?,transfer_into_account,transfer_into_account,0.6810986
I checked my account today and it said I was out of money. How do I transfer money into my account?,transfer_into_account,transfer_into_account,0.4443666
How can I transfer money to my account?,transfer_into_account,transfer_into_account,0.7308271
I would like to transfer funds from one account to another.,transfer_into_account,transfer_into_account,0.6145746
I'm trying to transfer money into my account.,transfer_into_account,transfer_into_account,0.63575923
I would like to transfer money from my other bank account into this one.,transfer_into_account,transfer_into_account,0.71912473
Can I use a bank transfer to refill my account?,transfer_into_account,transfer_into_account,0.6830584
What all is needed to verify the top-up card?,verify_top_up,verify_top_up,0.89278424
It wants me to verify the top up. Why?,verify_top_up,verify_top_up,0.88784593
Where can I find the top-up verification code?,verify_top_up,verify_top_up,0.8838526
Why do I have to verify the top-up that I started?,verify_top_up,verify_top_up,0.87408584
Can you give me information about verification code?,verify_top_up,verify_top_up,0.6314416
What are the benefits to verifying the top-up?,verify_top_up,verify_top_up,0.8848222
how come the verification with the top up,verify_top_up,verify_top_up,0.8772282
Can I verify a top up?,verify_top_up,verify_top_up,0.8797556
reason i need to verify top up,verify_top_up,verify_top_up,0.87981975
Why do you need code verification for my top up?,verify_top_up,verify_top_up,0.88346815
Where can I find the verification code on a top-up card?,verify_top_up,verify_top_up,0.88696563
How do I get my top-up verification code?,verify_top_up,verify_top_up,0.88860846
Is it possible to verify a top up?,verify_top_up,verify_top_up,0.8861687
Is it normal to have to verify my top-up or is something wrong?,verify_top_up,verify_top_up,0.87891763
Why does the top-up need verification?,verify_top_up,verify_top_up,0.8901707
Why does top-up need verifying?,verify_top_up,verify_top_up,0.8962194
Is it necessary to verify my top up?,verify_top_up,verify_top_up,0.89005095
Why am i to verify the top-ups?,verify_top_up,verify_top_up,0.88548857
Where's the verification code for the top-up card?,verify_top_up,verify_top_up,0.8849045
How do I find the verification code for my top-up card?,verify_top_up,verify_top_up,0.88969153
Why is it important to verify a top-up card?,verify_top_up,verify_top_up,0.8935815
Why do I have to verify the top-up?,verify_top_up,verify_top_up,0.8901967
What is the verification code on a top-up?,verify_top_up,verify_top_up,0.8737356
I can't find the top-up verification code.,verify_top_up,verify_top_up,0.8849985
How do I go forth verifying my top-up card?,verify_top_up,verify_top_up,0.89078397
Where do I find the top-up verification code?,verify_top_up,verify_top_up,0.8850016
How is the top-up card verified?,verify_top_up,verify_top_up,0.8788737
Is there a verification code for the top-up card?,verify_top_up,verify_top_up,0.88892686
What is the importance of verifying the top-up?,verify_top_up,verify_top_up,0.8884177
help me find the top-up card's verification code?,verify_top_up,verify_top_up,0.89289296
I don't understand why it says I have to verify the top-up.,verify_top_up,verify_top_up,0.8854415
Can I verify a top-up and what card is used?,verify_top_up,verify_top_up,0.88322335
Where do I go to get the code to verify the top up card?,verify_top_up,verify_top_up,0.88474333
The top-up verification code is missing,verify_top_up,verify_top_up,0.8614075
How do I verify a top-up?,verify_top_up,verify_top_up,0.88694286
I cannot locate the verification code for my top-up card. Please help me.,verify_top_up,verify_top_up,0.8900873
How can I find the top-up verification code?,verify_top_up,verify_top_up,0.8843069
I need help finding the verification code for my top-up card.,verify_top_up,verify_top_up,0.89094734
Is there a verification code for top-ups?,verify_top_up,verify_top_up,0.8763947
What is the necessity of verifying the top up?,verify_top_up,verify_top_up,0.89171517
Would it be possible to get another card?,getting_spare_card,getting_spare_card,0.83948606
How many cards can I have for one account?,getting_spare_card,getting_spare_card,0.80469406
I want to order another crad,getting_spare_card,beneficiary_not_allowed,0.06581916
How can I get additional cards?,getting_spare_card,getting_spare_card,0.83976996
Is there a fee for extra cards?,getting_spare_card,getting_spare_card,0.802494
I need some spare physical cards.,getting_spare_card,getting_spare_card,0.80421466
I would like to receive a few more physical cards.,getting_spare_card,getting_spare_card,0.8355046
Can I have a card after my first one?,getting_spare_card,getting_spare_card,0.4873193
How would I go about getting a second card?,getting_spare_card,getting_spare_card,0.8377883
I'd like to have another card,getting_spare_card,getting_spare_card,0.8415108
"If I need more cards, are there any fees?",getting_spare_card,getting_spare_card,0.8301765
Do you offer multiple cards for the same account?,getting_spare_card,getting_spare_card,0.74311477
Can I get a spare card for someone else to use?,getting_spare_card,getting_spare_card,0.73694474
I need to get some more physical cards.,getting_spare_card,getting_spare_card,0.84210914
"Would I be able to get another card for my account, so I could give one to my daughter?",getting_spare_card,getting_spare_card,0.83713365
What is the procedure for getting another card?,getting_spare_card,getting_spare_card,0.83785737
Can I have a second card?,getting_spare_card,getting_spare_card,0.8424635
"My daughter would like a card as well, how can we make this happen?",getting_spare_card,getting_spare_card,0.28310266
Can I give a second card to my daughter?,getting_spare_card,getting_spare_card,0.8408449
May I have another card?,getting_spare_card,getting_spare_card,0.8254653
Is there a fee for sending out more than one card?,getting_spare_card,getting_spare_card,0.7983214
Can I order extra cards?,getting_spare_card,getting_spare_card,0.8342406
Where can I get a second card?,getting_spare_card,getting_spare_card,0.83714694
I was looking to buy another card today.,getting_spare_card,getting_spare_card,0.7907882
I need a few more physical cards.,getting_spare_card,getting_spare_card,0.83386916
Can i have a second physical card for this account?,getting_spare_card,getting_spare_card,0.82407296
Can I purchase extra non-virtual cards?,getting_spare_card,disposable_card_limits,0.2520255
Am I allowed to give my daughter one of my cards to use?,getting_spare_card,getting_spare_card,0.5790493
May I have a second card?,getting_spare_card,getting_spare_card,0.8353259
Can i have a card to my daughter?,getting_spare_card,age_limit,0.24857304
Are there restrictions for ordering extra cards?,getting_spare_card,getting_spare_card,0.8182652
How can I get a second card for my daughter?,getting_spare_card,getting_spare_card,0.8346157
Where do I request another card?,getting_spare_card,getting_spare_card,0.8377357
Am I able to get a second card?,getting_spare_card,getting_spare_card,0.8440263
"If you send me more cards, are there any charges?",getting_spare_card,getting_spare_card,0.81052595
When trying to get more than one card is there a extra amount that needs to be paid?,getting_spare_card,getting_spare_card,0.7278301
Is it possible to give a second card for this account to my daughter?,getting_spare_card,getting_spare_card,0.8309203
My daughter needs a card. Can I give her one of mine that's linked to my account?,getting_spare_card,getting_spare_card,0.43621537
"My child needs a card, how can I add them to the account I currently have?",getting_spare_card,getting_spare_card,0.20442614
"my daughter needs a card, how do i add her?",getting_spare_card,getting_spare_card,0.2612241
Can I top up by cheque?,top_up_by_cash_or_cheque,top_up_by_cash_or_cheque,0.8217057
How do I top-up using cash?,top_up_by_cash_or_cheque,top_up_by_cash_or_cheque,0.75393337
Can I top up with a cheque?,top_up_by_cash_or_cheque,top_up_by_cash_or_cheque,0.81729764
Is it possible to top up with cash? If so how do I do it?,top_up_by_cash_or_cheque,top_up_by_cash_or_cheque,0.7677851
Can you help me find top up by cash deposit?,top_up_by_cash_or_cheque,top_up_by_cash_or_cheque,0.805473
Is there an option to top up a with cheque?,top_up_by_cash_or_cheque,top_up_by_cash_or_cheque,0.818717
Need to deposit a cheque into my account,top_up_by_cash_or_cheque,balance_not_updated_after_cheque_or_cash_deposit,0.6411211
I'm looking for the cash deposit top up option but can't find it. Can you help me?,top_up_by_cash_or_cheque,top_up_by_cash_or_cheque,0.6714198
How do I top up my account with a cash payment?,top_up_by_cash_or_cheque,top_up_by_cash_or_cheque,0.5092353
I'd like to use cash to top up. How do I find that option?,top_up_by_cash_or_cheque,top_up_by_cash_or_cheque,0.67223823
Where do I locate topping up with cash.,top_up_by_cash_or_cheque,top_up_by_cash_or_cheque,0.73989993
How do I pay by check?,top_up_by_cash_or_cheque,top_up_by_cash_or_cheque,0.67418355
Can I add to my account balance with a cheque?,top_up_by_cash_or_cheque,balance_not_updated_after_cheque_or_cash_deposit,0.5468351
What type of deposits do you accept into my account?,top_up_by_cash_or_cheque,top_up_by_cash_or_cheque,0.21915852
Can I top up using a cheque?,top_up_by_cash_or_cheque,top_up_by_cash_or_cheque,0.8208756
Can you top-up a card with a cheque?,top_up_by_cash_or_cheque,top_up_by_cash_or_cheque,0.78174174
"I need to top up cash, How do I do it?",top_up_by_cash_or_cheque,top_up_by_cash_or_cheque,0.7740311
I'm looking for the option to top up by cheque.,top_up_by_cash_or_cheque,top_up_by_cash_or_cheque,0.8165986
What locations can I top up with cash?,top_up_by_cash_or_cheque,top_up_by_cash_or_cheque,0.7507634
"I want to top up using cash, where can I do that?",top_up_by_cash_or_cheque,top_up_by_cash_or_cheque,0.7584269
is there a way to do top up with cash deposit,top_up_by_cash_or_cheque,top_up_by_cash_or_cheque,0.79021275
Where are the options to top up with a cheque on my account?,top_up_by_cash_or_cheque,top_up_by_cash_or_cheque,0.8210421
Can I use cash to top up my account?,top_up_by_cash_or_cheque,top_up_by_cash_or_cheque,0.7283126
How can I top up with cash?,top_up_by_cash_or_cheque,top_up_by_cash_or_cheque,0.7872753
Will you accept a cheque to top up my account?,top_up_by_cash_or_cheque,top_up_by_cash_or_cheque,0.8214507
How can I top up with this cheque I got?,top_up_by_cash_or_cheque,top_up_by_cash_or_cheque,0.8052184
What methods can I use to top up my account?,top_up_by_cash_or_cheque,topping_up_by_card,0.24607031
Is cash good to top up with?,top_up_by_cash_or_cheque,top_up_by_cash_or_cheque,0.695651
how come i can't find anywhere to load using cash,top_up_by_cash_or_cheque,declined_cash_withdrawal,0.16594312
What can I pay with? Does cash work?,top_up_by_cash_or_cheque,declined_cash_withdrawal,0.25318637
How do I deposit cash into my account?,top_up_by_cash_or_cheque,top_up_by_cash_or_cheque,0.634058
Why can't I top up with a cheque?,top_up_by_cash_or_cheque,top_up_by_cash_or_cheque,0.77197516
Can I send a cheque to do my top ups?,top_up_by_cash_or_cheque,top_up_by_cash_or_cheque,0.80487907
Can I top up my account with a cheque?,top_up_by_cash_or_cheque,top_up_by_cash_or_cheque,0.81421894
I want to do a cash top-up,top_up_by_cash_or_cheque,top_up_by_cash_or_cheque,0.6839402
"I have a cheque here, can I use it to top off my account?",top_up_by_cash_or_cheque,top_up_by_cash_or_cheque,0.7448182
I want to top-up using cash,top_up_by_cash_or_cheque,top_up_by_cash_or_cheque,0.7240711
How can I top-up my card?,top_up_by_cash_or_cheque,topping_up_by_card,0.41973677
Can I submit a check or cash payment?,top_up_by_cash_or_cheque,top_up_by_cash_or_cheque,0.65906143
Do you accept checks?,top_up_by_cash_or_cheque,top_up_by_cash_or_cheque,0.51005805
How do I receive my physical card,order_physical_card,order_physical_card,0.63483113
I want a card. What is the procedure?,order_physical_card,order_physical_card,0.6754689
What do you charge for physical cards?,order_physical_card,order_physical_card,0.50101787
Where can I get my card at?,order_physical_card,order_physical_card,0.4193412
price of physical card,order_physical_card,order_physical_card,0.64080405
"Please, how do I order a card?",order_physical_card,order_physical_card,0.6944841
Send me a physical card,order_physical_card,order_physical_card,0.696755
I want to order a card. Where do you deliver to?,order_physical_card,order_physical_card,0.6681565
Can I request a physical card?,order_physical_card,order_physical_card,0.7150841
Is there a charge for physical cards,order_physical_card,order_physical_card,0.4478054
Do you charge for physical cards,order_physical_card,order_physical_card,0.482934
Do you ship cards to where I live?,order_physical_card,order_physical_card,0.4186044
"For physical cards, do you charge?",order_physical_card,order_physical_card,0.4909144
I need to get an actual card so that I can use it for in person transactions. How would I do this?,order_physical_card,order_physical_card,0.60645133
Will I get a real card?,order_physical_card,order_physical_card,0.6191094
Where can you deliver cards?,order_physical_card,order_physical_card,0.6348192
Where are cards delivered to?,order_physical_card,order_physical_card,0.61150855
Please tell me how to get a physical card.,order_physical_card,order_physical_card,0.71789664
What is the charge for a physical card?,order_physical_card,order_physical_card,0.6535369
Is a non-electronic card available as well,order_physical_card,order_physical_card,0.39383802
How much does it cost in fees to use your card?,order_physical_card,card_payment_fee_charged,0.58195806
How can I get a physical card,order_physical_card,order_physical_card,0.7074859
Can I get a physical card through this app?,order_physical_card,order_physical_card,0.4142326
can I have a non virtual card?,order_physical_card,getting_virtual_card,0.5536298
How do I get a physical card?,order_physical_card,order_physical_card,0.71636695
What are the fees to get a physical card?,order_physical_card,order_physical_card,0.6706221
Where can my card be delivered?,order_physical_card,order_physical_card,0.22392057
What will I be charged for a physical card?,order_physical_card,order_physical_card,0.5829524
Where do I order my card?,order_physical_card,order_physical_card,0.57611513
What locations can a card be delivered to?,order_physical_card,order_physical_card,0.6055084
Where can I receive my card?,order_physical_card,order_physical_card,0.40930325
Where do you deliver cards by mail?,order_physical_card,order_physical_card,0.60625196
How can I get a real-life card of my own?,order_physical_card,order_physical_card,0.338206
Where will I find my card?,order_physical_card,card_arrival,0.23426001
"If I want a physical card, do I have to pay anything?",order_physical_card,order_physical_card,0.69103664
Where can cards be delivered?,order_physical_card,order_physical_card,0.6239986
I need a physical card.,order_physical_card,order_physical_card,0.7041486
What are the fees for a physical card?,order_physical_card,order_physical_card,0.64946824
How do I get an actual card?,order_physical_card,order_physical_card,0.61549115
Can I get a real card?,order_physical_card,order_physical_card,0.60510784
Why is my disposable virtual card being denied?,virtual_card_not_working,get_disposable_virtual_card,0.4126544
My disposable virtual card doesn't seem to work,virtual_card_not_working,get_disposable_virtual_card,0.27955708
My disposable virtual card is broken.,virtual_card_not_working,get_disposable_virtual_card,0.33740532
My non-physical card will not work,virtual_card_not_working,card_not_working,0.5623182
Why did the disposable virtual card which I used to pay a gym subscription get denied?,virtual_card_not_working,get_disposable_virtual_card,0.33255357
Why is my virtual card is being declined?,virtual_card_not_working,getting_virtual_card,0.5274599
Are there restrictions for my disposable card since it does not seem to be working?,virtual_card_not_working,disposable_card_limits,0.52094513
I cannot get my virtual card to work.,virtual_card_not_working,getting_virtual_card,0.45416346
I was at the store earlier and my virtual card didn't work. What's the solution for this problem?,virtual_card_not_working,getting_virtual_card,0.35374
My disposable virtual card will not work,virtual_card_not_working,get_disposable_virtual_card,0.30928376
I cannot use my disposable virtual card.,virtual_card_not_working,get_disposable_virtual_card,0.48905325
Can I make multiple online transactions with my virtual card?,virtual_card_not_working,getting_virtual_card,0.5839717
Why was my virtual card declined when attempting to setup automatic billing?,virtual_card_not_working,getting_virtual_card,0.48357877
Why doesn't my disposable virtual card work?,virtual_card_not_working,get_disposable_virtual_card,0.4109958
Why can't I use my virtual card for subscription services?,virtual_card_not_working,getting_virtual_card,0.5444422
Why isn't my virtual card working?,virtual_card_not_working,getting_virtual_card,0.43000278
I cannot make transactions with my virtual card.,virtual_card_not_working,getting_virtual_card,0.5976868
"For some reason, the virtual card won't work for me.",virtual_card_not_working,getting_virtual_card,0.47411603
My disposable virtual card has been rejected by the merchant earlier today. What should I do?,virtual_card_not_working,get_disposable_virtual_card,0.33026466
How can I fix a problem where my virtual card is rejected?,virtual_card_not_working,getting_virtual_card,0.40728998
My virtual card isn't working. What do I do?,virtual_card_not_working,getting_virtual_card,0.4433586
What do I do if my virtual card won't work.,virtual_card_not_working,getting_virtual_card,0.38997057
Is there a trick to get the disposable virtual card to work?,virtual_card_not_working,get_disposable_virtual_card,0.51891476
Why can't I get my virtual card to work?,virtual_card_not_working,getting_virtual_card,0.40578067
My card is just not working at this time.,virtual_card_not_working,card_not_working,0.6635632
My disposable card seems not to be working am I doing something wrong?,virtual_card_not_working,disposable_card_limits,0.27913767
My payments from my virtual card keep getting rejected.,virtual_card_not_working,getting_virtual_card,0.45859647
My disposable virtual card is not working when I try to use it at a point of sale transaction. What do I do now?,virtual_card_not_working,get_disposable_virtual_card,0.33393264
My transaction was just declined when I was using my disposable virtual card. What can I do?,virtual_card_not_working,get_disposable_virtual_card,0.33076164
My disposable virtual card is not working,virtual_card_not_working,get_disposable_virtual_card,0.32327116
How do I get my disposable virtual card to work?,virtual_card_not_working,get_disposable_virtual_card,0.47477603
How come my disposable virtual card used to pay for a gym subscription got rejected?,virtual_card_not_working,get_disposable_virtual_card,0.25785094
Payments from my disposable virtual card don't work,virtual_card_not_working,get_disposable_virtual_card,0.30203852
"My disposable virtual card was rejected by the merchant, please help?",virtual_card_not_working,get_disposable_virtual_card,0.31700012
My virtual card won't work.,virtual_card_not_working,getting_virtual_card,0.42143416
Tell me why my virtual disposable card won't work.,virtual_card_not_working,get_disposable_virtual_card,0.32860634
I need help getting the virtual card to work.,virtual_card_not_working,getting_virtual_card,0.50020427
I was trying to use my virtual card at a merchant and it was rejected. How can I fix this?,virtual_card_not_working,getting_virtual_card,0.41785023
How do I make my virtual card work?,virtual_card_not_working,getting_virtual_card,0.52488434
virtual card is not working for me,virtual_card_not_working,getting_virtual_card,0.49367765
I did not get the right amount of money when I used a different country's currency.,wrong_exchange_rate_for_cash_withdrawal,wrong_exchange_rate_for_cash_withdrawal,0.3295632
I took out money from a transaction machine and it exchanged the wrong dollar value amount from another currency!,wrong_exchange_rate_for_cash_withdrawal,wrong_exchange_rate_for_cash_withdrawal,0.3252698
I made a withdraw from the ATM this past holiday and it seems like a was charged too much. If I would have   known about these charges I wouldn't have made a withdraw.,wrong_exchange_rate_for_cash_withdrawal,wrong_exchange_rate_for_cash_withdrawal,0.5107373
Can you look to make sure the exchange rate is correct,wrong_exchange_rate_for_cash_withdrawal,exchange_rate,0.42555213
Exchange rate for my cash withdrawal is wrong,wrong_exchange_rate_for_cash_withdrawal,wrong_exchange_rate_for_cash_withdrawal,0.84847265
Hello. I'm on holiday and didn't bring any cash with me. I need to withdrawal my home currency from one of your machines. Do you have any that will do this and is there a charge?,wrong_exchange_rate_for_cash_withdrawal,wrong_exchange_rate_for_cash_withdrawal,0.7000025
Why was the exchange rate wrong when I got cash,wrong_exchange_rate_for_cash_withdrawal,wrong_exchange_rate_for_cash_withdrawal,0.83886045
I attempted to get money using a foreign currency at an ATM but the rate was highly inaccurate!,wrong_exchange_rate_for_cash_withdrawal,wrong_exchange_rate_for_cash_withdrawal,0.8074637
Why is the exchange rate wrong for my international withdrawal?,wrong_exchange_rate_for_cash_withdrawal,wrong_exchange_rate_for_cash_withdrawal,0.7313314
A wrong exchange rate was applied to a transaction made abroad.,wrong_exchange_rate_for_cash_withdrawal,card_payment_wrong_exchange_rate,0.7138816
The exchange rate you gave me for my cash withdrawal is wrong,wrong_exchange_rate_for_cash_withdrawal,wrong_exchange_rate_for_cash_withdrawal,0.8420612
Is there a fee for exchanging cash?,wrong_exchange_rate_for_cash_withdrawal,exchange_charge,0.36695316
Why is the exchange rate so exorbitant? This should have been a much higher amount of cash for that to apply.,wrong_exchange_rate_for_cash_withdrawal,wrong_exchange_rate_for_cash_withdrawal,0.74430764
Why was the exchange rate different when I withdrew my cash?,wrong_exchange_rate_for_cash_withdrawal,wrong_exchange_rate_for_cash_withdrawal,0.8377454
"When I got cash, my exchange rate was wrong.",wrong_exchange_rate_for_cash_withdrawal,wrong_exchange_rate_for_cash_withdrawal,0.8377311
Will there be additional costs of I make a withdrawal from a local ATM of British pounds? I need some cash to feel comfortable on the journey home,wrong_exchange_rate_for_cash_withdrawal,cash_withdrawal_charge,0.43137124
It seems I was overcharged when I used an ATM while on vacation. If I knew about your fees in advance I sure would have gone somewhere else.,wrong_exchange_rate_for_cash_withdrawal,wrong_exchange_rate_for_cash_withdrawal,0.37286705
I checked the exchange rate when I withdrew cash. But the actual rate that you applied was different.,wrong_exchange_rate_for_cash_withdrawal,wrong_exchange_rate_for_cash_withdrawal,0.84090656
"In receiving cash, the wrong exchange rate was used for my transaction.",wrong_exchange_rate_for_cash_withdrawal,wrong_exchange_rate_for_cash_withdrawal,0.82687044
Can I make a withdraw if I am out of country from with out any fees at an ATM?,wrong_exchange_rate_for_cash_withdrawal,cash_withdrawal_charge,0.3555245
I took out a foreign currency and the exchange rate is wrong.,wrong_exchange_rate_for_cash_withdrawal,card_payment_wrong_exchange_rate,0.52302414
I feel like too much money was taken during my currency exchange.,wrong_exchange_rate_for_cash_withdrawal,card_payment_wrong_exchange_rate,0.32879156
There was an error in exchange rate for my cash withdrawal,wrong_exchange_rate_for_cash_withdrawal,wrong_exchange_rate_for_cash_withdrawal,0.84284806
"I need the right foreign money, at the right rate, at ATMs, when I go abroad.",wrong_exchange_rate_for_cash_withdrawal,wrong_exchange_rate_for_cash_withdrawal,0.7848407
The conversion rate on the ATM that I used with foreign currency was wrong.,wrong_exchange_rate_for_cash_withdrawal,wrong_exchange_rate_for_cash_withdrawal,0.805109
why is the exchange rate for a Foreign ATM different,wrong_exchange_rate_for_cash_withdrawal,wrong_exchange_rate_for_cash_withdrawal,0.7648807
My cash withdrawal charged me the wrong exchange rate,wrong_exchange_rate_for_cash_withdrawal,wrong_exchange_rate_for_cash_withdrawal,0.8306896
I withdrew some cash out of the ATM over the holiday. It seems that I was charged some outrageous fees. I would not have done that had I been aware of these outrageous charges!,wrong_exchange_rate_for_cash_withdrawal,cash_withdrawal_charge,0.5446906
The exchange rate for my withdrawal isn't correct and doesn't match the actual exchange rate.,wrong_exchange_rate_for_cash_withdrawal,wrong_exchange_rate_for_cash_withdrawal,0.7593483
Can you explain your exchange rate policy? I don't think I received the correct amount of cash in my ATM transaction.,wrong_exchange_rate_for_cash_withdrawal,wrong_exchange_rate_for_cash_withdrawal,0.8027593
My ecchange rate was wrong for a cash transaction.,wrong_exchange_rate_for_cash_withdrawal,wrong_exchange_rate_for_cash_withdrawal,0.8263732
I expected a higher exchange rate when I withdrew money. Can you tell me current exchange rates?,wrong_exchange_rate_for_cash_withdrawal,wrong_exchange_rate_for_cash_withdrawal,0.75494945
The see the rate applied to my transaction was wrong at the atm.,wrong_exchange_rate_for_cash_withdrawal,wrong_exchange_rate_for_cash_withdrawal,0.8021722
The rate of exchange isn't right for my cash withdrawal.,wrong_exchange_rate_for_cash_withdrawal,wrong_exchange_rate_for_cash_withdrawal,0.8439317
I took out cash abroad and the exchange rate isn't correct.,wrong_exchange_rate_for_cash_withdrawal,wrong_exchange_rate_for_cash_withdrawal,0.84847635
I used an ATM in a foreign currency but the rate applied is wrong!,wrong_exchange_rate_for_cash_withdrawal,wrong_exchange_rate_for_cash_withdrawal,0.795121
how do you determine your exchange rates because one of yours was off when i got cash,wrong_exchange_rate_for_cash_withdrawal,wrong_exchange_rate_for_cash_withdrawal,0.80435294
I used the ATM machine to get money out for Holiday shopping and saw the outrageous charges. Why is that? I would not have used the ATM if I had known!,wrong_exchange_rate_for_cash_withdrawal,cash_withdrawal_charge,0.37514243
The cash withdrawal exchange rate is not correct.,wrong_exchange_rate_for_cash_withdrawal,wrong_exchange_rate_for_cash_withdrawal,0.83426535
"Is there a local ATM that will provide British pounds, I have no money for my homeward journey and do not feel comfortable waiting until  I arrive in Britain. Will a withdrawal involve extra charges?",wrong_exchange_rate_for_cash_withdrawal,wrong_exchange_rate_for_cash_withdrawal,0.42142743
can i get a description of how to use a disposable virtual card,get_disposable_virtual_card,get_disposable_virtual_card,0.5597547
Can I create a disposable virtual card?,get_disposable_virtual_card,get_disposable_virtual_card,0.5909619
What can you tell me about getting a virtual disposable card?,get_disposable_virtual_card,get_disposable_virtual_card,0.580154
I would like to order a disposable virtual card. How can I do this?,get_disposable_virtual_card,get_disposable_virtual_card,0.57298034
how do VR cards work,get_disposable_virtual_card,getting_virtual_card,0.2051293
What is a disposable virtual card?,get_disposable_virtual_card,get_disposable_virtual_card,0.5934777
I would like a temporary virtual card,get_disposable_virtual_card,getting_virtual_card,0.6536923
How do the disposable cards work?,get_disposable_virtual_card,disposable_card_limits,0.42001757
How do I use a disposable virtual card?,get_disposable_virtual_card,get_disposable_virtual_card,0.5981193
Where's the best place to get a disposable virtual card?,get_disposable_virtual_card,get_disposable_virtual_card,0.5745619
Can you explain the disposable cards to me?,get_disposable_virtual_card,disposable_card_limits,0.4762425
"Is there anyway, I can get a disposable virtual card?",get_disposable_virtual_card,get_disposable_virtual_card,0.58369267
I just purchased a disposable virtual card. Am I able to use it for online purchases immediately?,get_disposable_virtual_card,get_disposable_virtual_card,0.5402272
how secure is a disposable virtual card,get_disposable_virtual_card,get_disposable_virtual_card,0.5603647
What do I do to get a disposable virtual card?,get_disposable_virtual_card,get_disposable_virtual_card,0.60018635
I want to get a disposable virtual card.,get_disposable_virtual_card,get_disposable_virtual_card,0.6033375
Can you explain disposable cards?,get_disposable_virtual_card,disposable_card_limits,0.48178753
how do i get a virtual card for one time use,get_disposable_virtual_card,getting_virtual_card,0.63839626
May I get a disposable virtual card as well?,get_disposable_virtual_card,get_disposable_virtual_card,0.5945966
Can i get a single use virtual card,get_disposable_virtual_card,getting_virtual_card,0.58722085
I would like to create a disposable virtual card. How do I go about doing that?,get_disposable_virtual_card,get_disposable_virtual_card,0.5933233
"I have a disposable virtual card here, so would you tell me what to do with it?",get_disposable_virtual_card,get_disposable_virtual_card,0.5687791
how does a virtual card work,get_disposable_virtual_card,getting_virtual_card,0.6244314
What is the process of obtaining a disposable virtual card,get_disposable_virtual_card,get_disposable_virtual_card,0.5697845
What does a disposable virtual card do?,get_disposable_virtual_card,get_disposable_virtual_card,0.59891814
When can I order a disposable virtual card?,get_disposable_virtual_card,get_disposable_virtual_card,0.54439515
Is it possible to also get a disposable virtual card?,get_disposable_virtual_card,get_disposable_virtual_card,0.5813825
How do I obtain a disposable virtual card?,get_disposable_virtual_card,get_disposable_virtual_card,0.59834874
How would you use a disposable card?,get_disposable_virtual_card,get_disposable_virtual_card,0.4757666
"I need a disposable virtual card, how do I get one?",get_disposable_virtual_card,get_disposable_virtual_card,0.5945692
How do disposable cards work?,get_disposable_virtual_card,disposable_card_limits,0.43578896
Is there a disposable virtual card I can order?,get_disposable_virtual_card,get_disposable_virtual_card,0.5853693
Where can I get a disposable virtual card?,get_disposable_virtual_card,get_disposable_virtual_card,0.5985248
Will I be able to get a disposable virtual card as well?,get_disposable_virtual_card,get_disposable_virtual_card,0.57517177
Hello! I need to order a disposable virtual card. Where can I do that at?,get_disposable_virtual_card,get_disposable_virtual_card,0.5652996
where do I request a disposable virtual card?,get_disposable_virtual_card,get_disposable_virtual_card,0.59059155
Can i get a throw away card,get_disposable_virtual_card,order_physical_card,0.23187667
how many transactions can i make with a disposable card,get_disposable_virtual_card,disposable_card_limits,0.6715547
What are disposable cards?,get_disposable_virtual_card,disposable_card_limits,0.48981774
what's the process for getting a disposable virtual card?,get_disposable_virtual_card,get_disposable_virtual_card,0.5722101
The app denied my topped up.,top_up_failed,top_up_failed,0.4697295
"Heyy I tried to top up with my card today but it failed! I just got the couple days before but it has worked last time. What's going on, can you double check please?",top_up_failed,top_up_failed,0.6520177
I have a top up that didn't go through.  Why?,top_up_failed,top_up_failed,0.56983954
"So, I tried topping up my card for the today. Unfortunately, it failed. A couple of days back I used it and it works fine. Can you double check and tell me what's going on?",top_up_failed,top_up_failed,0.62265503
Why did the app deny my top up?,top_up_failed,top_up_failed,0.47115418
please tell me why my top-up failed.,top_up_failed,top_up_failed,0.6770215
My top-up isn't working.,top_up_failed,top_up_failed,0.6989069
I attempted to top up but the app denied it.,top_up_failed,top_up_failed,0.6400151
What reason did my top-up fail for?,top_up_failed,top_up_failed,0.7138448
Why didn`t my topup go through?,top_up_failed,top_up_failed,0.43726254
How can I check to see if my top-up worked?,top_up_failed,top_up_failed,0.4915002
My top up didn't work.,top_up_failed,top_up_failed,0.729831
My top up failed.,top_up_failed,top_up_failed,0.70919275
Why would my topup not go through?,top_up_failed,top_up_failed,0.4168469
Why caused my top up to not work?,top_up_failed,top_up_failed,0.6657144
Why did my top up not work?,top_up_failed,top_up_failed,0.7200647
Why was my top-up unsuccessful?,top_up_failed,top_up_failed,0.6994
My funding to my card didn't go through.,top_up_failed,declined_card_payment,0.27825508
I need to know why my credit card was declined for top up? What is the deal here and why did it not go through?,top_up_failed,top_up_failed,0.68598646
I topped up but the app did not accept it.,top_up_failed,top_up_failed,0.61970276
The app denied my top-up,top_up_failed,top_up_failed,0.48146096
I think my top up did not work,top_up_failed,top_up_failed,0.7349922
My top up was denied in the app.,top_up_failed,top_up_failed,0.55084527
Can you tell me if my pop-up went through?,top_up_failed,pending_top_up,0.65245736
can you check why I wasn't able to top up?,top_up_failed,top_up_failed,0.5767922
How did my top-up fail?,top_up_failed,top_up_failed,0.7184788
"My top-up failed, WHY?",top_up_failed,top_up_failed,0.70854706
I tried to top up. Why was it denied?,top_up_failed,top_up_failed,0.6797455
What's the deal? My card was just denied for top up. Why is it not going through?,top_up_failed,top_up_failed,0.6429847
I don't think my top up is working correctly,top_up_failed,top_up_failed,0.6238279
The app won't let me top up my account,top_up_failed,topping_up_by_card,0.34366798
I'm not sure why my top up request was denied,top_up_failed,top_up_failed,0.5532543
Why can't I top up?,top_up_failed,top_up_failed,0.52388436
My top-up has failed.,top_up_failed,top_up_failed,0.717254
Problems with top up,top_up_failed,top_up_failed,0.51448184
"I really need money from my card today, but my card is getting declined. Please help!!",top_up_failed,declined_card_payment,0.2018562
How do I know if my top up was unsuccessful?,top_up_failed,top_up_failed,0.69965255
I'm pretty sure my top up failed. How do I fix this?,top_up_failed,top_up_failed,0.6212973
why isnt top up working,top_up_failed,top_up_failed,0.61386865
Can you tell me why my top up didn't work?,top_up_failed,top_up_failed,0.727071
I made a transfer a few hours ago from a UK banking account.  I do not yet see the transfer.  Please check on this for me.,balance_not_updated_after_bank_transfer,balance_not_updated_after_bank_transfer,0.7791112
the balance on my account didnt change when i transferred money,balance_not_updated_after_bank_transfer,balance_not_updated_after_bank_transfer,0.78360605
How long will it take for my transferred money to show up?,balance_not_updated_after_bank_transfer,balance_not_updated_after_bank_transfer,0.45325774
Why didn't my balance change after I transferred some money?,balance_not_updated_after_bank_transfer,balance_not_updated_after_bank_transfer,0.78212744
When will my balance update after a transfer?,balance_not_updated_after_bank_transfer,balance_not_updated_after_bank_transfer,0.7171622
How long does it take for an international transfer into my account?,balance_not_updated_after_bank_transfer,transfer_timing,0.67612123
The amount of time that transfers usually take from a UK account is what?I just completed a transfer and it is not showing up at all. I'm wondering at this point if everything is actually okay.,balance_not_updated_after_bank_transfer,balance_not_updated_after_bank_transfer,0.7253097
When will my transfer be available in my account.,balance_not_updated_after_bank_transfer,transfer_timing,0.5372117
I didn't get the money I transferred,balance_not_updated_after_bank_transfer,transfer_not_received_by_recipient,0.26947233
I just completed a bank transfer and the balance didn't update,balance_not_updated_after_bank_transfer,balance_not_updated_after_bank_transfer,0.76120585
I transferred some money but I think it has gotten lost somewhere.,balance_not_updated_after_bank_transfer,balance_not_updated_after_bank_transfer,0.52640396
How long does a UK transfer take?,balance_not_updated_after_bank_transfer,transfer_timing,0.4054019
Hello I made a bank transfer couple hours ago from my UK account but it doesn't show up yet. Can you please check if everything is alright with it?,balance_not_updated_after_bank_transfer,balance_not_updated_after_bank_transfer,0.8070427
I made a transfer and am still waiting.,balance_not_updated_after_bank_transfer,pending_transfer,0.3998239
I made an out of country transfer and it hasn't went through yet.,balance_not_updated_after_bank_transfer,pending_transfer,0.3687503
"After the transfer, the balance did not update.",balance_not_updated_after_bank_transfer,balance_not_updated_after_bank_transfer,0.79008335
"Could you please check one of my transfer which i made few hours ago from my UK bank account, as its not showing yet.",balance_not_updated_after_bank_transfer,balance_not_updated_after_bank_transfer,0.79111075
I had cash transferred but the balance did not change.,balance_not_updated_after_bank_transfer,balance_not_updated_after_bank_transfer,0.54636663
I can't see my latest bank transfer,balance_not_updated_after_bank_transfer,balance_not_updated_after_bank_transfer,0.7032926
My bank transfer is still not showing up in my account.,balance_not_updated_after_bank_transfer,balance_not_updated_after_bank_transfer,0.7710337
I made a transfer and it doesnt' show up in my account.,balance_not_updated_after_bank_transfer,balance_not_updated_after_bank_transfer,0.6481953
I transferred some money but it is yet to arrive.,balance_not_updated_after_bank_transfer,balance_not_updated_after_bank_transfer,0.4091552
Why is my balance the same?  I processed a transfer.,balance_not_updated_after_bank_transfer,balance_not_updated_after_bank_transfer,0.70056295
Why don't I have my transfer?,balance_not_updated_after_bank_transfer,balance_not_updated_after_bank_transfer,0.20981793
Why isn't the transfer on my account showing up?,balance_not_updated_after_bank_transfer,balance_not_updated_after_bank_transfer,0.67712533
The  money I transferred does not show in the balance.,balance_not_updated_after_bank_transfer,balance_not_updated_after_bank_transfer,0.75559175
I have completed a transfer but it is not showing up.,balance_not_updated_after_bank_transfer,transfer_not_received_by_recipient,0.29064342
I did a transfer to my account but it doesn't show up,balance_not_updated_after_bank_transfer,balance_not_updated_after_bank_transfer,0.6676195
How long until my transfer will be available to me,balance_not_updated_after_bank_transfer,transfer_timing,0.5295882
Why doesn't it show that I did a balance transfer?,balance_not_updated_after_bank_transfer,balance_not_updated_after_bank_transfer,0.7571543
"I made a bank transfer a couple of hours ago from my UK account.  It hasn't appeared, can you check to make sure it went through?",balance_not_updated_after_bank_transfer,balance_not_updated_after_bank_transfer,0.8048782
My transfer is pending.,balance_not_updated_after_bank_transfer,pending_transfer,0.756198
"Hey, I try to make a bank transfer from my UK account a few hours ago, but it haven't show up yet. Please check my account to make sure everything alright with it?",balance_not_updated_after_bank_transfer,balance_not_updated_after_bank_transfer,0.8036731
Where is my transfer from [country]?,balance_not_updated_after_bank_transfer,balance_not_updated_after_bank_transfer,0.3534525
I made a bank transfer and my account balance did not show it.,balance_not_updated_after_bank_transfer,balance_not_updated_after_bank_transfer,0.7675572
Where is my money? I transfered it and it isn't in my account.,balance_not_updated_after_bank_transfer,balance_not_updated_after_bank_transfer,0.6968177
I need to know the time frame that is typical for a transfer from a UK account. I just made a transfer and it doesn't appear. I want to make sure everything is okay.,balance_not_updated_after_bank_transfer,balance_not_updated_after_bank_transfer,0.76419914
Why doesn't my balance reflect my transfer,balance_not_updated_after_bank_transfer,balance_not_updated_after_bank_transfer,0.8030526
My account balance has not gone up even though I just transferred money into it,balance_not_updated_after_bank_transfer,balance_not_updated_after_bank_transfer,0.7433329
When will I see my new balance after making my bank transfer?,balance_not_updated_after_bank_transfer,balance_not_updated_after_bank_transfer,0.7315354
Think someone has took money out with my card. What shall I do?,cash_withdrawal_not_recognised,cash_withdrawal_not_recognised,0.6499233
There is a withdrawal that isn't mind in the app.,cash_withdrawal_not_recognised,cash_withdrawal_not_recognised,0.7626034
I just lost my wallet and I see that they are already withdrawing money from my account. How can I stop this?,cash_withdrawal_not_recognised,cash_withdrawal_not_recognised,0.7890539
"I didn't get cash from an ATM, but the app says I did",cash_withdrawal_not_recognised,cash_withdrawal_not_recognised,0.5076852
My app shows some cash I didn't get.,cash_withdrawal_not_recognised,cash_withdrawal_not_recognised,0.7024064
Why is there a random withdrawal in my app?,cash_withdrawal_not_recognised,cash_withdrawal_not_recognised,0.8393488
There is a suspicious cash withdraw on the account.,cash_withdrawal_not_recognised,cash_withdrawal_not_recognised,0.7622132
"I didn't get cash from an ATM, but according to the app a transaction was made when i didn't make it.",cash_withdrawal_not_recognised,declined_cash_withdrawal,0.48857516
The app said I withdrew cash at an ATM and I didn't,cash_withdrawal_not_recognised,cash_withdrawal_not_recognised,0.64417714
My app says that I received cash from an ATM and I didn't.,cash_withdrawal_not_recognised,cash_withdrawal_not_recognised,0.61341065
"How do I freeze my bank card, as there has been a strange withdrawal?",cash_withdrawal_not_recognised,cash_withdrawal_not_recognised,0.7715734
I see a cash withdrawal that I did not perform.,cash_withdrawal_not_recognised,cash_withdrawal_not_recognised,0.740874
I checked the app and saw an extra cash withdrawal that I didn't authorize,cash_withdrawal_not_recognised,cash_withdrawal_not_recognised,0.84550154
I have a strange cash withdrawal in my statement,cash_withdrawal_not_recognised,cash_withdrawal_not_recognised,0.8323955
There's a cash withdraw on my statement that I didn't make.,cash_withdrawal_not_recognised,cash_withdrawal_not_recognised,0.83404475
i think someone is using my card to withdraw money. Someone stole my wallet. What can I do? it is urgent.,cash_withdrawal_not_recognised,cash_withdrawal_not_recognised,0.64866364
I am seeing in the App a some cash withdrawal that its not mine,cash_withdrawal_not_recognised,cash_withdrawal_not_recognised,0.8386929
My account has a weird withdrawal.,cash_withdrawal_not_recognised,cash_withdrawal_not_recognised,0.80023867
I'm unsure of a withdrawl in my statement.,cash_withdrawal_not_recognised,cash_withdrawal_not_recognised,0.6392518
"It looks like someone else withdrew cash from my account, can you help?",cash_withdrawal_not_recognised,cash_withdrawal_not_recognised,0.797265
I think I see a withdraw I did not make.,cash_withdrawal_not_recognised,cash_withdrawal_not_recognised,0.6781998
Some cash is showing up in my app that I did not get.,cash_withdrawal_not_recognised,cash_withdrawal_not_recognised,0.81752455
There is an unauthorized cash withdrawal from my account for 500£.  I definitely didn't make this withdrawal.  I need your help.,cash_withdrawal_not_recognised,cash_withdrawal_not_recognised,0.52432984
The app is showing an ATM withdrawl that I didn't make.,cash_withdrawal_not_recognised,cash_withdrawal_not_recognised,0.8013696
There is a odd withdrawal on my account.,cash_withdrawal_not_recognised,cash_withdrawal_not_recognised,0.7284878
I need to cancel my card that got stolen a little while ago. Someone has already taken some money out and I don't want them to take anymore. Can you please do that?,cash_withdrawal_not_recognised,lost_or_stolen_card,0.1755918
How do I cancel my card? There are charges on my account that I didn't make.,cash_withdrawal_not_recognised,card_payment_not_recognised,0.2000783
"There is an error, the app says I made an ATM withdrawal and I didn't.",cash_withdrawal_not_recognised,cash_withdrawal_not_recognised,0.59052175
"Can anyone help me, I lost my wallet and they've started withdrawing from my account.",cash_withdrawal_not_recognised,cash_withdrawal_not_recognised,0.6411186
What do I do if I notice a strange withdrawl in my statement?,cash_withdrawal_not_recognised,cash_withdrawal_not_recognised,0.7604334
I don't recognise a cash withdrawal,cash_withdrawal_not_recognised,cash_withdrawal_not_recognised,0.7644389
Help!  My wallet was stolen and someone is taking money out.  I need this money!  What can I do?,cash_withdrawal_not_recognised,cash_withdrawal_not_recognised,0.60342664
There is a cash withdrawal transaction that I am unsure of.,cash_withdrawal_not_recognised,cash_withdrawal_not_recognised,0.6679478
I didn't take out money from an ATM but my app statement shows that I did. How can I fix this?,cash_withdrawal_not_recognised,cash_withdrawal_not_recognised,0.5178502
"Someone has stolen my card. Even though I have my card with me, someone just made a 500£ cash withdrawal. Please help as soon as possible.",cash_withdrawal_not_recognised,cash_withdrawal_not_recognised,0.77987146
Cash I didn't get shows in my app.,cash_withdrawal_not_recognised,cash_withdrawal_not_recognised,0.8124542
There is a problem with my card. Somebody has removed money from my account in a town I haven't been to. Can you please freeze my account immediately?,cash_withdrawal_not_recognised,cash_withdrawal_not_recognised,0.53805935
There is an ATM withdrawl in the app I don't recognize.,cash_withdrawal_not_recognised,cash_withdrawal_not_recognised,0.71640545
A cash withdrawal is showing up that I didn't do.,cash_withdrawal_not_recognised,cash_withdrawal_not_recognised,0.7904105
The app made a mistake and said I made a cash withdrawal.,cash_withdrawal_not_recognised,cash_withdrawal_not_recognised,0.79607487
Is there an exchange fee?,exchange_charge,exchange_charge,0.645725
whats your exchange rate,exchange_charge,exchange_rate,0.67127836
What are your currency exchange fees?,exchange_charge,exchange_charge,0.7190909
Where do I find the exchange rate?,exchange_charge,exchange_rate,0.7602522
What is the base amount for cross-currency exchanges?,exchange_charge,exchange_charge,0.60633826
"My work sends me all over the world, can I get a discount for all the money I have to exchange?",exchange_charge,exchange_charge,0.59397763
How much more do I have to pay to exchange currencies?,exchange_charge,exchange_charge,0.618381
Is there a fee for exchanging currencies?,exchange_charge,exchange_charge,0.7132084
How much does it cost to exchange currencies?,exchange_charge,exchange_charge,0.6762809
whats the exchange charge,exchange_charge,exchange_charge,0.5254641
Is there any discount for someone that exchanges currencies frequently?,exchange_charge,exchange_charge,0.67412835
Is there a fee to exchange foreign money?,exchange_charge,exchange_charge,0.6602532
Do I have to pay for exchanging currencies?,exchange_charge,exchange_charge,0.5546055
Does it cost extra to exchange currencies?,exchange_charge,exchange_charge,0.69969064
Is there a fee for exchanging foreign currencies?,exchange_charge,exchange_charge,0.7139895
Will I be charged a fee for exchanging foreign currencies?,exchange_charge,exchange_charge,0.7166463
"How much is a cross currency exchange, and can I check to see if I have any discounts available?",exchange_charge,exchange_charge,0.67547077
Do you offer a discount on multiple currency exchanges?,exchange_charge,exchange_charge,0.6812272
How much do I have to pay for the exchange fee?,exchange_charge,exchange_charge,0.6423635
"If I want to exchange currency, will there be extras?",exchange_charge,exchange_via_app,0.48951608
If I need to exchange currency is there an extra fee?,exchange_charge,exchange_charge,0.65660655
I was wondering if there were any discounts offered for frequent currency exchanges?,exchange_charge,exchange_charge,0.6205108
Would I be charged for exchanging currencies?,exchange_charge,exchange_charge,0.69609416
What is the exchange fee?,exchange_charge,exchange_charge,0.63672274
Does it cost to exchange currencies with this card?,exchange_charge,exchange_charge,0.3512257
how much you charge for exhcange,exchange_charge,transfer_fee_charged,0.4065718
Are there any extra hidden fees for exchanging currencies?,exchange_charge,exchange_charge,0.67452747
"When I travel, what will it cost to switch for my currency?",exchange_charge,exchange_via_app,0.3852289
How much will I pay to exchange foreign currency?,exchange_charge,exchange_charge,0.61713284
Does it cost money for currency exchange services?,exchange_charge,exchange_charge,0.684039
Are there extra charges for exchanging currency?,exchange_charge,exchange_charge,0.7081527
"I will need to exchange currencies frequently, will I be able to get a discount?",exchange_charge,exchange_charge,0.62522244
Is there a charge for a foreign currency exchange?,exchange_charge,exchange_charge,0.68398225
Is there a discount for frequently exchanging currencies?,exchange_charge,exchange_charge,0.70291996
What is the cost for an exchange fee?,exchange_charge,exchange_charge,0.64537984
Will it cost more money if my currency needs to be exchanged?,exchange_charge,exchange_charge,0.64265186
"I would like to exchange currencies, but is there an extra charge to do so?",exchange_charge,exchange_charge,0.66353893
Does it cost anything for exchanges?,exchange_charge,exchange_charge,0.68712413
Can I exchange money from abroad without additional costs?,exchange_charge,exchange_charge,0.5608708
does it cost to exchange currencies?,exchange_charge,exchange_charge,0.6271593
Is there a fee for using a European bank card to top up?,top_up_by_card_charge,top_up_by_card_charge,0.7863255
Are there any fees for adding money with an international card?,top_up_by_card_charge,top_up_by_card_charge,0.7879137
i was charged when i used a us issued card. why and what cards are free to use to add money,top_up_by_card_charge,top_up_by_card_charge,0.37336773
Any hidden fees associated with the international card if money is added?,top_up_by_card_charge,top_up_by_card_charge,0.7352019
Will I get charged for topping off my card?,top_up_by_card_charge,top_up_by_card_charge,0.73708576
Are there charges for topping up US cards?,top_up_by_card_charge,top_up_by_card_charge,0.7897495
Are there fees for top ups?,top_up_by_card_charge,top_up_by_card_charge,0.7269192
What are the charges for US cards with top up.,top_up_by_card_charge,top_up_by_card_charge,0.7635167
Is there an additional charge for topping up using a European card?,top_up_by_card_charge,top_up_by_card_charge,0.7723971
In exchange for top ups will you take fees?,top_up_by_card_charge,top_up_by_card_charge,0.70601475
I just topped off my card will I be charged for it?,top_up_by_card_charge,top_up_by_card_charge,0.51081944
How much does it cost to top up by card?,top_up_by_card_charge,top_up_by_card_charge,0.7557311
Are there any fees if I use a European bank card for a top up?,top_up_by_card_charge,top_up_by_card_charge,0.7893327
What are the top-up fees?,top_up_by_card_charge,top_up_by_card_charge,0.6020678
How much is the charge to top up my card?,top_up_by_card_charge,top_up_by_card_charge,0.7226678
How much can I expect to pay to top up a US card?,top_up_by_card_charge,top_up_by_card_charge,0.6626654
What fee is included if I top up by card?,top_up_by_card_charge,top_up_by_card_charge,0.7562255
"If I use a European bank card for top up, Do I get charged?",top_up_by_card_charge,top_up_by_card_charge,0.7780995
Will there be any extra fees for European bank card for top up?,top_up_by_card_charge,top_up_by_card_charge,0.7935343
Will I be charged if I use European bank card for top up?,top_up_by_card_charge,top_up_by_card_charge,0.7581706
I want to use a European bank card for a top up. Must I pay?,top_up_by_card_charge,top_up_by_card_charge,0.44043645
Will I be charged for topping up by card?,top_up_by_card_charge,top_up_by_card_charge,0.761961
Is there a fee for topping up,top_up_by_card_charge,top_up_by_card_charge,0.6585117
What do you charge for top ups?,top_up_by_card_charge,top_up_by_card_charge,0.7243091
Will it cost anything to top up a US card?,top_up_by_card_charge,top_up_by_card_charge,0.7617246
Does topping up my card have a fee?,top_up_by_card_charge,top_up_by_card_charge,0.69685173
Are there fees for adding money using an international card,top_up_by_card_charge,top_up_by_card_charge,0.7814507
"When using a US card, what is the cost for a top up/off?",top_up_by_card_charge,top_up_by_card_charge,0.6762191
"I need to use a European card for a top up, what will the charge be?",top_up_by_card_charge,top_up_by_card_charge,0.77539825
Is it okay to use a bank card to top up,top_up_by_card_charge,topping_up_by_card,0.28997892
Any fee for topping up?,top_up_by_card_charge,top_up_by_card_charge,0.71935743
Are there any fees for top ups?,top_up_by_card_charge,top_up_by_card_charge,0.73200953
What are the fees of using an international card to add money?,top_up_by_card_charge,top_up_by_card_charge,0.7840983
Is there a charge or discount if I use a European bank in a top up?,top_up_by_card_charge,top_up_by_card_charge,0.69035923
Is their a fee for top ups?,top_up_by_card_charge,top_up_by_card_charge,0.6799383
Can I top up using an international card,top_up_by_card_charge,top_up_by_card_charge,0.42850462
What will happen if I want to add money using an international card? Will I run into any fees?,top_up_by_card_charge,top_up_by_card_charge,0.80494153
Are there any extra fees for adding money into the international card?,top_up_by_card_charge,top_up_by_card_charge,0.7787877
What are the fees for top ups?,top_up_by_card_charge,top_up_by_card_charge,0.73299605
What are the top up charges for US cards?,top_up_by_card_charge,top_up_by_card_charge,0.7782746
Could you please activate my card,activate_my_card,activate_my_card,0.9151784
I need to activate my card can you do that now?,activate_my_card,activate_my_card,0.9180354
What do I need to do to activate my new card?,activate_my_card,activate_my_card,0.9150694
Tell me how to go about activating my new card?,activate_my_card,activate_my_card,0.9073782
How can I activate my card so I can start using it?,activate_my_card,activate_my_card,0.91260624
How long will it take to activate my new card?,activate_my_card,activate_my_card,0.90425694
What's the right way to activate my card?,activate_my_card,activate_my_card,0.9162318
"I received my new card, how is it activated?",activate_my_card,activate_my_card,0.8977071
Is there a way my new card can be renewed?,activate_my_card,card_about_to_expire,0.2004013
How do I activate a card I received?,activate_my_card,activate_my_card,0.85109556
Why can't I activate my card?,activate_my_card,activate_my_card,0.9096741
What is the process of card activation?,activate_my_card,activate_my_card,0.8972291
WHAT CAN I DO AFTER THE CARD MISSING,activate_my_card,lost_or_stolen_card,0.41893706
I got my new card where do I go to activate it?,activate_my_card,activate_my_card,0.9130734
Would like to use my card and need to activate it first.  Can you help me do this?,activate_my_card,activate_my_card,0.9117494
I need help activating my new card.,activate_my_card,activate_my_card,0.9079556
how to activate card?,activate_my_card,activate_my_card,0.90597564
"Please, activate my card",activate_my_card,activate_my_card,0.9130098
I tried activating my bill of fare and it didn't workplace,activate_my_card,activate_my_card,0.76144177
"I just got my card and want to use it, how do I activate my card?",activate_my_card,activate_my_card,0.9141251
I have a new card and I want to activate it,activate_my_card,activate_my_card,0.9015954
Assist me please with card activation.,activate_my_card,activate_my_card,0.9009605
I need help with activating my card,activate_my_card,activate_my_card,0.91028506
How can I start using my card?,activate_my_card,order_physical_card,0.23357628
Activating my card,activate_my_card,activate_my_card,0.9033302
When will my card be activated?,activate_my_card,activate_my_card,0.87534374
How can I activate my card>,activate_my_card,activate_my_card,0.9095941
What are the steps in order to activate my new card?,activate_my_card,activate_my_card,0.9107539
How do I go about activating my new card?,activate_my_card,activate_my_card,0.9072449
What is the activation process on my new card?,activate_my_card,activate_my_card,0.8929978
I would like to get help from someone with activating my card.,activate_my_card,activate_my_card,0.90820843
What is the process for activating my card?,activate_my_card,activate_my_card,0.9080935
How do I use my new card?,activate_my_card,activate_my_card,0.2691763
I got my new card but I am not sure if it need s activated and how?,activate_my_card,activate_my_card,0.87943786
What are the steps to activating a new card?,activate_my_card,activate_my_card,0.8949037
"I would like to activate my card to use now, can you help me?",activate_my_card,activate_my_card,0.9147847
How do I activate a new card?,activate_my_card,activate_my_card,0.89609456
I just got this card & I don't know how to activate it.,activate_my_card,activate_my_card,0.9080369
I got my new card. How do I activate it?,activate_my_card,activate_my_card,0.9128884
What do I need to do to activate my card?,activate_my_card,activate_my_card,0.9183545
I see some fees for cash withdraw.,cash_withdrawal_charge,cash_withdrawal_charge,0.84184504
How come I was charged extra when I withdrew cash?,cash_withdrawal_charge,cash_withdrawal_charge,0.8812906
Why am I being charged when I withdraw cash?,cash_withdrawal_charge,cash_withdrawal_charge,0.85138863
What is this charge on my account for a cash withdrawl?,cash_withdrawal_charge,cash_withdrawal_charge,0.8576772
Why are fees charged on cash withdrawals? I went to withdraw some money earlier today after shopping. There's a fee that wasn't there before.,cash_withdrawal_charge,cash_withdrawal_charge,0.88357127
"How come you charge for cash withdrawals? I withdrew cash after buying groceries today, and there seems to be a new fee",cash_withdrawal_charge,cash_withdrawal_charge,0.8756467
It looks like I was charged a withdrawal fee for going to my ATM. Why is that because I haven't been charged previously for doing so?,cash_withdrawal_charge,cash_withdrawal_charge,0.865128
"Do ATM cash withdrawals carry a charge now? They've been free in the past, but all of a sudden I have to pay to make ATM withdrawals?",cash_withdrawal_charge,cash_withdrawal_charge,0.8305352
Why is there an extra charge for money that was withdrawn?,cash_withdrawal_charge,cash_withdrawal_charge,0.7894186
Why was I charged a fee for withdrawing cash?,cash_withdrawal_charge,cash_withdrawal_charge,0.8810646
Why did I get a fee?,cash_withdrawal_charge,card_payment_fee_charged,0.7429694
Why did my cash get charged a fee that should not be there.,cash_withdrawal_charge,cash_withdrawal_charge,0.85391957
Why did I have to pay a fee when I got cash?,cash_withdrawal_charge,cash_withdrawal_charge,0.8530774
"Hi, I am calling about a recent transaction that has happened on my account.  I recently went to the ATM, and tried to make a withdrawal on my account.  I just happened to check my transaction slip and noticed a fee for my withdrawal.  How can I resolve this, I didn't know fees were charged for this type of action.",cash_withdrawal_charge,cash_withdrawal_charge,0.6057601
A fee was charged for my recent withdrawal.,cash_withdrawal_charge,cash_withdrawal_charge,0.87389064
I got a fee for an ATM withdrawal.,cash_withdrawal_charge,cash_withdrawal_charge,0.8548449
What is the reason for this fee I got after a simple cash withdrawal?,cash_withdrawal_charge,cash_withdrawal_charge,0.87006724
Did you start charging for cash withdrawals? I thought it was free so far but noticed suddendly there is a fee. How much do I need to pay?,cash_withdrawal_charge,cash_withdrawal_charge,0.8657779
Is there a fee for withdrawing cash?,cash_withdrawal_charge,cash_withdrawal_charge,0.85190165
"I've notice I was charged for withdrawing cash, can you explain why?",cash_withdrawal_charge,cash_withdrawal_charge,0.8744855
Why was my account charged for using an ATM?,cash_withdrawal_charge,cash_withdrawal_charge,0.86028767
Why is there a charge on my account for taking out cash?,cash_withdrawal_charge,cash_withdrawal_charge,0.86043453
An ATM fee was attached to my recent withdrawal.,cash_withdrawal_charge,cash_withdrawal_charge,0.7821143
I thought cash withdrawals didn't have a fee,cash_withdrawal_charge,cash_withdrawal_charge,0.85579073
Why did I get charged a fee when I tried to obtain cash?,cash_withdrawal_charge,cash_withdrawal_charge,0.8705455
"While I was checking out in the grocery store, I realized I needed cash so I requested some.  However, I noticed there was a fee for this transaction.  Why did I get charged a fee?",cash_withdrawal_charge,cash_withdrawal_charge,0.7446779
Using an ATM caused me to incur an additional fee. Why?,cash_withdrawal_charge,cash_withdrawal_charge,0.83213425
I was charged extra for a withdrawal,cash_withdrawal_charge,cash_withdrawal_charge,0.8631402
Is there a limit on how much I can withdraw from my account without being charged?,cash_withdrawal_charge,cash_withdrawal_charge,0.82875973
"I thought cash withdrawals were free? Why have I been charged a fee? Also, how much is this fee?",cash_withdrawal_charge,cash_withdrawal_charge,0.87557924
"More fees, this time for withdrawing my own cash. Why are you robbing me?",cash_withdrawal_charge,cash_withdrawal_charge,0.8355897
I have never been charged a fee for cash withdrawal before. When did that change?,cash_withdrawal_charge,cash_withdrawal_charge,0.86501765
I was charged for a cash withdrawal.,cash_withdrawal_charge,cash_withdrawal_charge,0.88106364
Why did you charge me for a cash withdrawal?,cash_withdrawal_charge,cash_withdrawal_charge,0.88114667
I took cash and got charged a fee,cash_withdrawal_charge,cash_withdrawal_charge,0.8560931
Was charged an ATM fee despite it being a small withdrawal on the 1st day of the month. I thought I was allowed 200 per month?,cash_withdrawal_charge,cash_withdrawal_charge,0.70192283
I had a wrong fee charged at this ATM.,cash_withdrawal_charge,cash_withdrawal_charge,0.7921251
"When I got cash, I'm pretty sure there was a glitch that overcharged me.",cash_withdrawal_charge,wrong_exchange_rate_for_cash_withdrawal,0.23569125
"My account got charged for taking out cash, why did this happen?",cash_withdrawal_charge,cash_withdrawal_charge,0.8554824
Why is there a fee for withdrawing?,cash_withdrawal_charge,cash_withdrawal_charge,0.8493041
Am I able to order a new card and have it sent to me in China?,card_about_to_expire,card_about_to_expire,0.62621397
Will you be able to send the new card to China?,card_about_to_expire,card_about_to_expire,0.342783
When my card expires what happens to my account?,card_about_to_expire,card_about_to_expire,0.8615198
What do I do when my card expires?,card_about_to_expire,card_about_to_expire,0.86300224
The expiration date on my card is coming up,card_about_to_expire,card_about_to_expire,0.8369299
"My card's expiring, what happens now?",card_about_to_expire,card_about_to_expire,0.8591125
My card is about to expire. What do I need to do?,card_about_to_expire,card_about_to_expire,0.86291766
how long and how much does it cost for new card,card_about_to_expire,card_about_to_expire,0.48449212
What do I do if my card is expiring soon?,card_about_to_expire,card_about_to_expire,0.85256994
How much does it cost to get a new card?  Mine is almost expired.  How fast does it come?,card_about_to_expire,card_about_to_expire,0.8389568
"Since my card is about to expire, what do I do to get a new one?",card_about_to_expire,card_about_to_expire,0.86875796
My card is about to expire and I need to know how much it costs and how long it takes to get a new one.,card_about_to_expire,card_about_to_expire,0.868678
When my card expires do you send a new card?,card_about_to_expire,card_about_to_expire,0.87283385
What is the next step if my card is about to expire.,card_about_to_expire,card_about_to_expire,0.8596092
"Once my card expires, what should I do?",card_about_to_expire,card_about_to_expire,0.86389226
"I need a new card, my current card is nearly expired.",card_about_to_expire,card_about_to_expire,0.8387793
"It appears my card expires next month, can I order a new one?",card_about_to_expire,card_about_to_expire,0.86989427
My card is about to expire. How much does it cost to order a new one and how fast will I get it?,card_about_to_expire,card_about_to_expire,0.86662847
What do I do when my card is about to expire?,card_about_to_expire,card_about_to_expire,0.8618184
"I will need to get a new card soon, how do I order?",card_about_to_expire,card_about_to_expire,0.5001576
going to need a new card what are the fees and time it takes,card_about_to_expire,card_about_to_expire,0.52461356
Will I need to order a new card since mine expires next month?,card_about_to_expire,card_about_to_expire,0.8718708
"When my card expires, will I get a new one mailed to me?",card_about_to_expire,card_about_to_expire,0.86707205
Do you have to order a new card before your current card expires?,card_about_to_expire,card_about_to_expire,0.8682275
"Since my card is about to expire, I need a new one.",card_about_to_expire,card_about_to_expire,0.8699376
My card is very close to expiring. When can I order a new one and how do I do so?,card_about_to_expire,card_about_to_expire,0.86519
"I need to order a  new card, mine is about to expire and I need to know how much it will cost and how long until I receive it.",card_about_to_expire,card_about_to_expire,0.86560994
How do I order a new card before It expires?,card_about_to_expire,card_about_to_expire,0.87231815
Can I receive a new card while I am in China?,card_about_to_expire,card_about_to_expire,0.6753331
"Next month my card will expire, do I need to order a new one?",card_about_to_expire,card_about_to_expire,0.872961
The expiration date of my card is approaching .,card_about_to_expire,card_about_to_expire,0.84483826
"How can I get a new card ASAP to replace an old, soon to expire one?",card_about_to_expire,card_about_to_expire,0.86379814
I need a new card since my old one is about to expire.,card_about_to_expire,card_about_to_expire,0.86677474
My card is about to expire.,card_about_to_expire,card_about_to_expire,0.86295617
"My card is expiring shortly.  How much will it cost for a replacement, and how soon can I get it?",card_about_to_expire,card_about_to_expire,0.84704256
What would the price be for an expired card replacement and how long will it take me to get it?,card_about_to_expire,card_about_to_expire,0.7769721
"in china, need new card",card_about_to_expire,card_about_to_expire,0.57731545
"If my card is about to expire, do I need to order a new one?",card_about_to_expire,card_about_to_expire,0.8722482
My card is about to expire. How do I get a new one?,card_about_to_expire,card_about_to_expire,0.8682419
I need to know the cost and when I will receive a new card to replace an old one.,card_about_to_expire,card_about_to_expire,0.21264869
Is the top up feature available on the Apple Watch?,apple_pay_or_google_pay,apple_pay_or_google_pay,0.84415627
Can I use the system Google Pay for top-ups?,apple_pay_or_google_pay,apple_pay_or_google_pay,0.8830151
My top-up for Google Pay isn't working,apple_pay_or_google_pay,apple_pay_or_google_pay,0.85342056
Can I add money with Apple Pay?,apple_pay_or_google_pay,apple_pay_or_google_pay,0.880343
Can I use my Apple Watch to to top up?,apple_pay_or_google_pay,apple_pay_or_google_pay,0.8754943
Does Apple Pay give the option to top up?,apple_pay_or_google_pay,apple_pay_or_google_pay,0.8638274
Top up on my Google Pay isn't working.,apple_pay_or_google_pay,apple_pay_or_google_pay,0.86703825
Is it possible to top up with Apple Pay?,apple_pay_or_google_pay,apple_pay_or_google_pay,0.8821895
do i have to setup apple pay to use it,apple_pay_or_google_pay,apple_pay_or_google_pay,0.8657625
Can I use Apple Pay to top up?,apple_pay_or_google_pay,apple_pay_or_google_pay,0.8843135
How can I top up my Google Pay?,apple_pay_or_google_pay,apple_pay_or_google_pay,0.8884849
Does Google Play have an app to Top up?,apple_pay_or_google_pay,apple_pay_or_google_pay,0.8441223
"I received my American Express card, but I am having problems making it work with Apple pay.  Can you help me with this problem?",apple_pay_or_google_pay,apple_pay_or_google_pay,0.8187092
is apple pay eligible for top up,apple_pay_or_google_pay,apple_pay_or_google_pay,0.8768918
Why can't I use my American Express with Apple Pay to top up my account?,apple_pay_or_google_pay,apple_pay_or_google_pay,0.84021986
how do i add money with my apple watch,apple_pay_or_google_pay,apple_pay_or_google_pay,0.8671128
"If I want to top up, can I use Apple Pay?",apple_pay_or_google_pay,apple_pay_or_google_pay,0.88553166
can i top up with apple pay,apple_pay_or_google_pay,apple_pay_or_google_pay,0.88326555
"My American express is experiencing a problem with apple play with top up, can you fix it?",apple_pay_or_google_pay,apple_pay_or_google_pay,0.8083941
My top up is not working in Apple Pay.,apple_pay_or_google_pay,apple_pay_or_google_pay,0.8615419
Is Apple Pay a possible top up option?,apple_pay_or_google_pay,apple_pay_or_google_pay,0.84131736
I don't know how to top up my Google pay.,apple_pay_or_google_pay,apple_pay_or_google_pay,0.88623184
Can I top up from my Apple Watch?,apple_pay_or_google_pay,apple_pay_or_google_pay,0.8770576
Can I use my American Express stored in Apple Pay to top up?,apple_pay_or_google_pay,apple_pay_or_google_pay,0.82884693
is apple pay costly?,apple_pay_or_google_pay,apple_pay_or_google_pay,0.8026241
How can I top up with Google Pay?,apple_pay_or_google_pay,apple_pay_or_google_pay,0.8867368
I can't top up my account using my American Express with Apple Pay.,apple_pay_or_google_pay,apple_pay_or_google_pay,0.8663942
"I got my American Express in Apple Pay, why is top up not working?",apple_pay_or_google_pay,apple_pay_or_google_pay,0.8770179
I got my American Express in Apple Bay but top up is not working,apple_pay_or_google_pay,apple_pay_or_google_pay,0.7410894
How do I top up? Can I use my apple watch?,apple_pay_or_google_pay,apple_pay_or_google_pay,0.8785303
Is it possible to use Apple Pay to put money in my account?,apple_pay_or_google_pay,apple_pay_or_google_pay,0.8805217
"My American Express is in my Apple Pay and the top up is failing, why?",apple_pay_or_google_pay,apple_pay_or_google_pay,0.8487009
How can I top-ff my account using my Apple Watch?,apple_pay_or_google_pay,apple_pay_or_google_pay,0.8255376
can google pay be used to make a top-up,apple_pay_or_google_pay,apple_pay_or_google_pay,0.88353014
How do I get the Top Up feature on my apple watch working?,apple_pay_or_google_pay,apple_pay_or_google_pay,0.84868383
How do I troubleshoot Google pay top up?,apple_pay_or_google_pay,apple_pay_or_google_pay,0.8854691
How do I top up with Apple Pay?,apple_pay_or_google_pay,apple_pay_or_google_pay,0.88471
Why isn't my top up working using my saved American Express in ApplePay?,apple_pay_or_google_pay,apple_pay_or_google_pay,0.7669293
How do I use the top up app with my apple watch?,apple_pay_or_google_pay,apple_pay_or_google_pay,0.85834706
"Google pay and top up, I want it, can I get it?",apple_pay_or_google_pay,apple_pay_or_google_pay,0.88344043
What can I use to verify my identify?,verify_my_identity,verify_my_identity,0.3587409
What do you need to verify my identity?,verify_my_identity,verify_my_identity,0.4842204
"I need to verify my identity, but how do I do that?",verify_my_identity,verify_my_identity,0.47319734
How can I verify my indentity?,verify_my_identity,verify_my_identity,0.13669077
What is needed to prove my identity?,verify_my_identity,why_verify_identity,0.33066308
What do you need for my identity check?,verify_my_identity,verify_my_identity,0.46316633
How do you verify an identity?,verify_my_identity,verify_my_identity,0.51858467
Is there a specific type you need for identity verification?,verify_my_identity,verify_my_identity,0.49851343
I got a message that I need to verify my identity; what do I do?,verify_my_identity,verify_my_identity,0.42949677
Are there any documents needed for the identity check?,verify_my_identity,verify_my_identity,0.48648128
What are the steps I need to take to verify my identity?,verify_my_identity,verify_my_identity,0.49144584
What do I need to verify my identity,verify_my_identity,verify_my_identity,0.47502318
I need to verify my identity,verify_my_identity,verify_my_identity,0.44568592
I need some help with identity verification.,verify_my_identity,verify_my_identity,0.46907732
What's the process for ID verification?,verify_my_identity,verify_my_identity,0.41942114
I would like to know how I can verify my Identity.,verify_my_identity,verify_my_identity,0.4506567
What kind of documents do I need for the identity check?,verify_my_identity,verify_my_identity,0.533769
Let me know the steps for the identity checks,verify_my_identity,verify_my_identity,0.48361513
What should I do to verify my identity?,verify_my_identity,verify_my_identity,0.47892085
What are the steps to verify my identity?,verify_my_identity,verify_my_identity,0.48761615
How does my identity get verified?,verify_my_identity,why_verify_identity,0.34857678
What things do I need to verify my identity?,verify_my_identity,verify_my_identity,0.4993791
What steps do I take to verify my identity?,verify_my_identity,verify_my_identity,0.49579
Can I verify my identity online?,verify_my_identity,verify_my_identity,0.4621571
do the details of my profile have to match my documents,verify_my_identity,edit_personal_details,0.5475642
Where do I verify my identity?,verify_my_identity,verify_my_identity,0.49993175
"When getting my ID checked, what are the steps involved?",verify_my_identity,unable_to_verify_identity,0.35570136
do I need anything for the identity check?,verify_my_identity,verify_my_identity,0.4968191
which kind of documentation do I need for identity check?,verify_my_identity,verify_my_identity,0.5214467
How do I go forth on verifying my identity?,verify_my_identity,verify_my_identity,0.45623645
What can I do to verify my identity?,verify_my_identity,verify_my_identity,0.49707058
What do you need so I can verify my identity?,verify_my_identity,verify_my_identity,0.48213643
What do I need to show who I am?,verify_my_identity,why_verify_identity,0.31398004
Do I need any kind of documentation for the identity check?,verify_my_identity,verify_my_identity,0.5118839
What will I need for identity verification?,verify_my_identity,verify_my_identity,0.5250956
Is there any way to verify who I am?,verify_my_identity,unable_to_verify_identity,0.31406045
Is there any documentation needed for the identity check?,verify_my_identity,verify_my_identity,0.45769054
What all am I required to show for the identity check?,verify_my_identity,verify_my_identity,0.46651962
What do I do for the identity check?,verify_my_identity,verify_my_identity,0.49196976
What do I need to do to verify my identity?,verify_my_identity,verify_my_identity,0.4999615
I live in the US but want to get a card,country_support,country_support,0.88770914
Are your cards available in Europe?,country_support,country_support,0.8598285
Can I use your app if I am from the EU?,country_support,country_support,0.7731858
What countries are supported?,country_support,country_support,0.8906298
i live in the US can i still get a card?,country_support,country_support,0.8856806
Can I get a card outside the UK?,country_support,country_support,0.88863665
"I'm not in the UK, can I still get a card?",country_support,country_support,0.88132775
"I'm not in the UK, is it possible for me to still get a card?",country_support,country_support,0.87749046
Now that I live in the US how can I get a card?,country_support,country_support,0.88578665
Can I get one of your cards in the EU,country_support,country_support,0.86380064
Can I get a card despite the fact I'm not in the UK?,country_support,country_support,0.8792304
Where do I need to live to get support?,country_support,country_support,0.18046294
Do you support the EU?,country_support,country_support,0.82541996
how do i get a card if i am in the usa,country_support,country_support,0.8812896
"Please help me get a new card, I reside in the United States.",country_support,country_support,0.71724284
Is it possible to get a card if I'm not in the UK?,country_support,country_support,0.8839471
Is my country supported,country_support,country_support,0.8066428
From what countries can I use this product?,country_support,country_support,0.88916
Where can I find your locations?,country_support,country_support,0.23919855
Can I get a card even if I live outside the UK?,country_support,country_support,0.8827543
"I am from the EU, can I sign up?",country_support,country_support,0.7327164
"I would like to receive and use the card in Europe, is that possible?",country_support,country_support,0.8262469
What countries do you support?,country_support,country_support,0.88646775
What countries are you currently in?,country_support,country_support,0.8840462
What locations are you in?,country_support,country_support,0.54126084
Can you tell me what countries you operate in?,country_support,country_support,0.8783815
"I need a card, but I'm in the US at the moment.",country_support,country_support,0.6497683
What countries will my card be supported in?,country_support,country_support,0.88682836
Do you have a list of countries you operate in?,country_support,country_support,0.8680614
In what countries do you do business?,country_support,country_support,0.8881406
I don't live in the UK.  Can I still get a card?,country_support,country_support,0.88205975
Where do you support?,country_support,country_support,0.3309465
Am I able to get a card in EU?,country_support,country_support,0.8570318
What countries do you currently do business in?,country_support,country_support,0.8853955
"I'm not in the UK, can I get a card?",country_support,country_support,0.8913785
"If i'm not in the UK, can I still get a card?",country_support,country_support,0.8841366
How many countries do you support?,country_support,country_support,0.87467253
What countries do you do business in?,country_support,country_support,0.8833173
What are the countries you operate in.,country_support,country_support,0.885714
Can the card be mailed and used in Europe?,country_support,country_support,0.7317673
